pdb	Bchain	Achain	Gchain	Dchain	TCRtype	model	antigen_chain	antigen_type	antigen_name	antigen_het_name	mhc_type	mhc_chain1	mhc_chain2	docking_angle	beta_subgroup	alpha_subgroup	gamma_subgroup	delta_subgroup	short_header	date	compound	beta_organism	alpha_organism	gamma_organism	delta_organism	antigen_organism	mhc_chain1_organism	mhc_chain2_organism	authors	resolution	method	r_free	r_factor	affinity	affinity_method	affinity_temperature	affinity_pmid	engineered
3tjh	D	C	NA	NA	abTCR	0	B	peptide	p3a1	NA	MH1	A	NA	22.417	TRBV13	TRAV9	NA	NA	IMMUNE SYSTEM	08/24/11	42F3-p3A1/H2-Ld complex	mus musculus, homo sapiens	mus musculus, homo sapiens				mus musculus		Adams, J.J., Kruse, A., Kranz, D.M., Garcia, K.C.	2.12	X-RAY DIFFRACTION	0.237	0.206	3.9e-6	SPR	25	22101157	True
5jzi	J	I	NA	NA	abTCR	0	H	peptide	klv peptide	NA	MH1	F	G	31.848	TRBV25	TRAV38	NA	NA	Protein binding/Immune System	05/16/16	Crystal structure of 1406 TCR bound to HLA-A2 with HCV 1406-1415 antigen peptide	homo sapiens	homo sapiens			hepatitis c virus	homo sapiens	homo sapiens	Wang, Y., Piepenbrink, K.H., Baker, B.M.	2.5	X-RAY DIFFRACTION	0.232	0.196					True
5jzi	E	D	NA	NA	abTCR	0	C	peptide	klv peptide	NA	MH1	A	B	30.434	TRBV25	TRAV38	NA	NA	Protein binding/Immune System	05/16/16	Crystal structure of 1406 TCR bound to HLA-A2 with HCV 1406-1415 antigen peptide	homo sapiens	homo sapiens			hepatitis c virus	homo sapiens	homo sapiens	Wang, Y., Piepenbrink, K.H., Baker, B.M.	2.5	X-RAY DIFFRACTION	0.232	0.196					True
5jhd	E	D	NA	NA	abTCR	0	C	peptide	influenza m1(58-66) peptide	NA	MH1	A	B	47.601	TRBV19	TRAV38	NA	NA	IMMUNE SYSTEM	04/20/16	Crystal structure of LS10-TCR/M1-HLA-A*02 complex	homo sapiens	homo sapiens			influenza a virus	homo sapiens	homo sapiens	Stern, L.J., Selin, L.K., Song, I.	2.46	X-RAY DIFFRACTION	0.223	0.204					True
5jhd	J	I	NA	NA	abTCR	0	H	peptide	influenza m1(58-66) peptide	NA	MH1	F	G	46.381	TRBV19	TRAV38	NA	NA	IMMUNE SYSTEM	04/20/16	Crystal structure of LS10-TCR/M1-HLA-A*02 complex	homo sapiens	homo sapiens			influenza a virus	homo sapiens	homo sapiens	Stern, L.J., Selin, L.K., Song, I.	2.46	X-RAY DIFFRACTION	0.223	0.204					True
2vlj	E	D	NA	NA	abTCR	0	C	peptide	flu matrix peptide	NA	MH1	A	B	61.297	TRBV19	TRAV27	NA	NA	IMMUNE SYSTEM	01/15/08	The Structural Dynamics and Energetics of an Immunodominant T-cell Receptor are Programmed by its Vbeta Domain	homo sapiens	homo sapiens			unidentified influenza virus	homo sapiens	homo sapiens	Ishizuka, J., Stewart-Jones, G., Van Der Merwe, A., Bell, J., Mcmichael, A., Jones, Y.	2.4	X-RAY DIFFRACTION	0.272	0.196	5.2e-6	SPR	25	18275829	True
2vlk	E	D	NA	NA	abTCR	0	C	peptide	flu matrix peptide	NA	MH1	A	B	62.199	TRBV19	TRAV27	NA	NA	IMMUNE SYSTEM	01/15/08	The Structural Dynamics and Energetics of an Immunodominant T-cell Receptor are Programmed by its Vbeta Domain	homo sapiens	homo sapiens			unidentified influenza virus	homo sapiens	homo sapiens	Ishizuka, J., Stewart-Jones, G., Van Der Merwe, A., Bell, J., Mcmichael, A., Jones, Y.	2.5	X-RAY DIFFRACTION	0.288	0.218	5.2e-6	SPR	25	18275829	True
2vlr	E	D	NA	NA	abTCR	0	C	peptide	flu matrix peptide	NA	MH1	A	B	61.224	TRBV19	TRAV27	NA	NA	IMMUNE SYSTEM	01/15/08	The Structural Dynamics and Energetics of an Immunodominant T-cell Receptor are Programmed by its Vbeta Domain	homo sapiens	homo sapiens			unidentified influenza virus	homo sapiens	homo sapiens	Ishizuka, J., Stewart-Jones, G., van der Merwe, A., Bell, J., McMichael, A., Jones, Y.	2.3	X-RAY DIFFRACTION	0.281	0.219	4.9e-6	SPR	25	18275829	True
2vlr	J	I	NA	NA	abTCR	0	H	peptide	flu matrix peptide	NA	MH1	F	G	61.782	TRBV19	TRAV27	NA	NA	IMMUNE SYSTEM	01/15/08	The Structural Dynamics and Energetics of an Immunodominant T-cell Receptor are Programmed by its Vbeta Domain	homo sapiens	homo sapiens			unidentified influenza virus	homo sapiens	homo sapiens	Ishizuka, J., Stewart-Jones, G., van der Merwe, A., Bell, J., McMichael, A., Jones, Y.	2.3	X-RAY DIFFRACTION	0.281	0.219	4.9e-6	SPR	25	18275829	True
5yxn	B	A	NA	NA	abTCR	0	I	peptide	ns3 peptide	NA	MH1	C	D	30.247	TRBV25	TRAV38	NA	NA	IMMUNE SYSTEM	12/06/17	A T cell receptor in complex with HLA-A0201 restricted Hepatitis C virus NS3 peptide (KLVALGINAV)	homo sapiens	homo sapiens			hepatitis c virus	homo sapiens	homo sapiens	Hui, F.	2.03	X-RAY DIFFRACTION	0.223	0.193					True
4ftv	E	D	NA	NA	abTCR	0	C	peptide	protein tax-1	NA	MH1	A	B	34.205	TRBV6	TRAV12	NA	NA	IMMUNE SYSTEM	06/28/12	The complex between the high affinity version of A6 TCR (A6c134) and human Class I MHC HLA-A2 with the bound TAX nonameric peptide	homo sapiens	homo sapiens			human t-cell lymphotropic virus type 1 (africanisolate) 	homo sapiens	homo sapiens	Borbulevych, O.Y., Baker, B.M.	2.74	X-RAY DIFFRACTION	0.260	0.216					True
6eqb	E	D	NA	NA	abTCR	0	C	peptide	ala-ala-gly-ile-gly-ile-leu-thr-val	NA	MH1	A	B	42.925	TRBV30	TRAV12	NA	NA	IMMUNE SYSTEM	10/12/17	HLA class I histocompatibility antigen	homo sapiens	homo sapiens			homo sapiens	homo sapiens	homo sapiens	Rizkallah, P.J., Cole, D.K.	2.81	X-RAY DIFFRACTION	0.251	0.183					True
3qdj	E	D	NA	NA	abTCR	0	C	peptide	mart-1(27-35) peptide	NA	MH1	A	B	33.874	TRBV6	TRAV12	NA	NA	IMMUNE SYSTEM	01/18/11	The complex between TCR DMF5 and human Class I MHC HLA-A2 with the bound MART-1(27-35) nonameric peptide	homo sapiens	homo sapiens				homo sapiens	homo sapiens	Borbulevych, O.Y., Baker, B.M.	2.3	X-RAY DIFFRACTION	0.299	0.240	40e-6	SPR	25	21795600	True
1nam	B	A	NA	NA	abTCR	0	P	peptide	nucleocapsid	NA	MH1	H	L	39.971	TRBV1	TRAV16	NA	NA	IMMUNE SYSTEM	11/28/02	MURINE ALLOREACTIVE SCFV TCR-PEPTIDE-MHC CLASS I MOLECULE COMPLEX	mus musculus	mus musculus				mus musculus	mus musculus	Reiser, J.-B., Darnault, C., Gregoire, C., Mosser, T., Mazza, G., Kearnay, A., van der Merwe, P.A., Fontecilla-Camps, J.C., Housset, D., Malissen, B.	2.7	X-RAY DIFFRACTION	0.298	0.230					True
6avg	D	C	NA	NA	abTCR	0	P	peptide	ala-pro-arg-gly-pro-his-gly-gly-ala-ala-ser-gly-leu	NA	MH1	G	H	38.383	TRBV9	TRAV4	NA	NA	IMMUNE SYSTEM	09/02/17	Crystal structure of the KFJ37 TCR-NY-ESO-1-HLA-B*07:02 complex	homo sapiens	homo sapiens			homo sapiens	homo sapiens	homo sapiens	Gully, B.S., Gras, S., Rossjohn, J.	2.6	X-RAY DIFFRACTION	0.248	0.193					True
6avg	E	B	NA	NA	abTCR	0	Q	peptide	ala-pro-arg-gly-pro-his-gly-gly-ala-ala-ser-gly-leu	NA	MH1	F	A	38.304	TRBV9	TRAV4	NA	NA	IMMUNE SYSTEM	09/02/17	Crystal structure of the KFJ37 TCR-NY-ESO-1-HLA-B*07:02 complex	homo sapiens	homo sapiens			homo sapiens	homo sapiens	homo sapiens	Gully, B.S., Gras, S., Rossjohn, J.	2.6	X-RAY DIFFRACTION	0.248	0.193					True
2ak4	E	D	NA	NA	abTCR	0	C	peptide	ebv peptide lpeplpqgqltay	NA	MH1	A	B	71.108	TRBV6	TRAV19	NA	NA	IMMUNE SYSTEM	08/03/05	Crystal Structure of SB27 TCR in complex with HLA-B*3508-13mer peptide	homo sapiens	homo sapiens				homo sapiens	homo sapiens	Tynan, F.E., Burrows, S.R., Buckle, A.M., Clements, C.S., Borg, N.A., Miles, J.J., Beddoe, T., Whisstock, J.C., Wilce, M.C., Silins, S.L., Burrows, J.M., Kjer-Nielsen, L., Konstenko, L., Purcell, A.W., McCluskey, J., Rossjohn, J.	2.5	X-RAY DIFFRACTION	0.278	0.246	12.15e-6	SPR	25	23569211	True
2ak4	J	I	NA	NA	abTCR	0	H	peptide	ebv peptide lpeplpqgqltay	NA	MH1	F	G	70.586	TRBV6	TRAV19	NA	NA	IMMUNE SYSTEM	08/03/05	Crystal Structure of SB27 TCR in complex with HLA-B*3508-13mer peptide	homo sapiens	homo sapiens				homo sapiens	homo sapiens	Tynan, F.E., Burrows, S.R., Buckle, A.M., Clements, C.S., Borg, N.A., Miles, J.J., Beddoe, T., Whisstock, J.C., Wilce, M.C., Silins, S.L., Burrows, J.M., Kjer-Nielsen, L., Konstenko, L., Purcell, A.W., McCluskey, J., Rossjohn, J.	2.5	X-RAY DIFFRACTION	0.278	0.246	12.15e-6	SPR	25	23569211	True
2ak4	P	N	NA	NA	abTCR	0	M	peptide	ebv peptide lpeplpqgqltay	NA	MH1	K	L	66.835	TRBV6	TRAV19	NA	NA	IMMUNE SYSTEM	08/03/05	Crystal Structure of SB27 TCR in complex with HLA-B*3508-13mer peptide	homo sapiens	homo sapiens				homo sapiens	homo sapiens	Tynan, F.E., Burrows, S.R., Buckle, A.M., Clements, C.S., Borg, N.A., Miles, J.J., Beddoe, T., Whisstock, J.C., Wilce, M.C., Silins, S.L., Burrows, J.M., Kjer-Nielsen, L., Konstenko, L., Purcell, A.W., McCluskey, J., Rossjohn, J.	2.5	X-RAY DIFFRACTION	0.278	0.246	12.15e-6	SPR	25	23569211	True
2ak4	U	T	NA	NA	abTCR	0	S	peptide	ebv peptide lpeplpqgqltay	NA	MH1	Q	R	68.113	TRBV6	TRAV19	NA	NA	IMMUNE SYSTEM	08/03/05	Crystal Structure of SB27 TCR in complex with HLA-B*3508-13mer peptide	homo sapiens	homo sapiens				homo sapiens	homo sapiens	Tynan, F.E., Burrows, S.R., Buckle, A.M., Clements, C.S., Borg, N.A., Miles, J.J., Beddoe, T., Whisstock, J.C., Wilce, M.C., Silins, S.L., Burrows, J.M., Kjer-Nielsen, L., Konstenko, L., Purcell, A.W., McCluskey, J., Rossjohn, J.	2.5	X-RAY DIFFRACTION	0.278	0.246	12.15e-6	SPR	25	23569211	True
5wlg	J	I	NA	NA	abTCR	0	H	peptide	gap50 peptide, sql	NA	MH1	F	G	24.553	TRBV13	TRAV8	NA	NA	IMMUNE SYSTEM	07/26/17	Crystal Structure of H-2Db with the GAP501 peptide (SQL)	mus musculus, homo sapiens	mus musculus, homo sapiens			mus musculus	mus musculus	mus musculus	Gras, S., Farenc, C., Josephs, T., Rossjohn, J.	2.1	X-RAY DIFFRACTION	0.249	0.218					True
5wlg	E	D	NA	NA	abTCR	0	C	peptide	gap50 peptide, sql	NA	MH1	A	B	19.090	TRBV13	TRAV8	NA	NA	IMMUNE SYSTEM	07/26/17	Crystal Structure of H-2Db with the GAP501 peptide (SQL)	mus musculus, homo sapiens	mus musculus, homo sapiens			mus musculus	mus musculus	mus musculus	Gras, S., Farenc, C., Josephs, T., Rossjohn, J.	2.1	X-RAY DIFFRACTION	0.249	0.218					True
5ivx	F	E	NA	NA	abTCR	0	P	peptide	p18-i10	NA	MH1	A	B	30.150	TRBV29	TRAV14	NA	NA	IMMUNE SYSTEM	03/21/16	Crystal Structure of B4.2.3 T-Cell Receptor and H2-Dd P18-I10 Complex	mus musculus	mus musculus			homo sapiens	mus musculus	mus musculus	Natarajan, K., Jiang, J., Margulies, D.	2.1	X-RAY DIFFRACTION	0.220	0.180					True
3qdg	E	D	NA	NA	abTCR	0	C	peptide	mart-1 (26-35) peptide	NA	MH1	A	B	34.175	TRBV6	TRAV12	NA	NA	IMMUNE SYSTEM	01/18/11	The complex between TCR DMF5 and human Class I MHC HLA-A2 with the bound MART-1(26-35)(A27L) peptide	homo sapiens	homo sapiens				homo sapiens	homo sapiens	Borbulevych, O.Y., Baker, B.M.	2.69	X-RAY DIFFRACTION	0.278	0.218	5.6e-6	SPR	25	21795600	True
4g8g	E	D	NA	NA	abTCR	0	C	peptide	p24	NA	MH1	A	B	41.186	TRBV6	TRAV14	NA	NA	IMMUNE SYSTEM	07/23/12	Crystal Structure of C12C TCR-HA B2705-KK10	homo sapiens	homo sapiens			human immunodeficiency virus 1	homo sapiens	homo sapiens	Gras, S., Wilmann, P.G., Rossjohn, J.	2.4	X-RAY DIFFRACTION	0.257	0.178	4.58e-6	SPR	25	23521884	True
3qdm	E	D	NA	NA	abTCR	0	C	peptide	mart-1(27-35) peptide	NA	MH1	A	B	30.930	TRBV10	TRAV35	NA	NA	IMMUNE SYSTEM	01/18/11	The complex between TCR DMF4 and human Class I MHC HLA-A2 with the bound MART-1(26-35)(A27L) decameric peptide	homo sapiens	homo sapiens				homo sapiens	homo sapiens	Borbulevych, O.Y., Baker, B.M.	2.8	X-RAY DIFFRACTION	0.284	0.211	29e-6	SPR	25	21795600	True
4prh	E	D	NA	NA	abTCR	0	C	peptide	epstein-barr nuclear antigen 1	NA	MH1	A	NA	44.372	TRBV9	TRAV20	NA	NA	IMMUNE SYSTEM	03/05/14	Crystal structure of TK3 TCR-HLA-B*35:08-HPVG-D5 complex	homo sapiens	homo sapiens			human herpesvirus 4	homo sapiens		Yu Chih, L., Rossjohn, J., Gras, S.	2.5	X-RAY DIFFRACTION	0.253	0.212	25.4e-6	SPR	25	24759101	True
4pri	E	D	NA	NA	abTCR	0	C	peptide	epstein-barr nuclear antigen 1	NA	MH1	A	B	42.699	TRBV9	TRAV20	NA	NA	IMMUNE SYSTEM	03/05/14	Crystal structure of TK3 TCR-HLA-B*35:08-HPVG complex	homo sapiens	homo sapiens			human herpesvirus 4	homo sapiens	homo sapiens	Yu Chih, L., Rossjohn, J., Gras, S.	2.4	X-RAY DIFFRACTION	0.261	0.213	93.2e-6	SPR	25	24759101	True
4prp	E	D	NA	NA	abTCR	0	C	peptide	epstein-barr nuclear antigen 1	NA	MH1	A	B	42.431	TRBV9	TRAV20	NA	NA	IMMUNE SYSTEM	03/06/14	Crystal structure of TK3 TCR-HLA-B*35:01-HPVG-Q5 complex	homo sapiens	homo sapiens			human herpesvirus 4	homo sapiens	homo sapiens	Yu Chih, L., Rossjohn, J., Gras, S.	2.5	X-RAY DIFFRACTION	0.229	0.180	180.5e-6	SPR	25	24759101	True
5eu6	E	D	NA	NA	abTCR	0	C	peptide	tyr-leu-glu-pro-gly-pro-val-thr-val	NA	MH1	A	B	47.784	TRBV7	TRAV21	NA	NA	IMMUNE SYSTEM	11/18/15	HLA Class I antigen	homo sapiens	homo sapiens			synthetic construct	homo sapiens	homo sapiens	Rizkallah, P.J., Bianchi, V., Cole, D.K., Sewell, A.K.	2.02	X-RAY DIFFRACTION	0.222	0.181					True
1g6r	B	A	NA	NA	abTCR	0	P	peptide	siyr peptide	NA	MH1	H	L	22.609	TRBV13	TRAV9	NA	NA	IMMUNE SYSTEM	11/07/00	A FUNCTIONAL HOT SPOT FOR ANTIGEN RECOGNITION IN A SUPERAGONIST TCR/MHC COMPLEX	mus musculus	mus musculus				mus musculus	mus musculus	Degano, M., Garcia, K.C., Apostolopoulos, V., Rudolph, M.G., Teyton, L., Wilson, I.A.	2.8	X-RAY DIFFRACTION	0.327	0.298					True
1g6r	D	C	NA	NA	abTCR	0	Q	peptide	siyr peptide	NA	MH1	I	M	23.557	TRBV13	TRAV9	NA	NA	IMMUNE SYSTEM	11/07/00	A FUNCTIONAL HOT SPOT FOR ANTIGEN RECOGNITION IN A SUPERAGONIST TCR/MHC COMPLEX	mus musculus	mus musculus				mus musculus	mus musculus	Degano, M., Garcia, K.C., Apostolopoulos, V., Rudolph, M.G., Teyton, L., Wilson, I.A.	2.8	X-RAY DIFFRACTION	0.327	0.298					True
5tez	J	I	NA	NA	abTCR	0	C	peptide	gly-ile-leu-gly-phe-val-phe-thr-leu	NA	MH1	A	B	34.416	TRBV27	TRAV13	NA	NA	IMMUNE SYSTEM	09/23/16	TCR F50 recgonizing M1-HLA-A2	homo sapiens	homo sapiens			influenza a virus	homo sapiens	homo sapiens	Yang, X., Mariuzza, R.A.	1.7	X-RAY DIFFRACTION	0.224	0.190					True
2gj6	E	D	NA	NA	abTCR	0	C | C	peptide | Hapten	modified htlv-1 tax (y5k-iba) peptide, chain c | 3-INDOLEBUTYRIC ACID	NA | 3IB	MH1	A	B	36.064	TRBV6	TRAV12	NA	NA	IMMUNE SYSTEM	03/30/06	The complex between TCR A6 and human Class I MHC HLA-A2 with the modified HTLV-1 TAX (Y5K-4-[3-Indolyl]-butyric acid) peptide	homo sapiens	homo sapiens			 | 	homo sapiens	homo sapiens	Borbulevych, O.Y., Baker, B.M.	2.56	X-RAY DIFFRACTION	0.250	0.199					True
5c09	J	I	NA	NA	abTCR	0	H	peptide	marker peptide	NA	MH1	F	G	46.241	TRBV12	TRAV12	NA	NA	IMMUNE SYSTEM	06/12/15	HLA class I histocompatibility antigen	homo sapiens	homo sapiens			homo sapiens	homo sapiens	homo sapiens	Rizkallah, P.J., Bulek, A.M., Cole, D.K., Sewell, A.K.	2.475	X-RAY DIFFRACTION	0.259	0.205					True
5c09	E	D	NA	NA	abTCR	0	C	peptide	marker peptide	NA	MH1	A	B	44.449	TRBV12	TRAV12	NA	NA	IMMUNE SYSTEM	06/12/15	HLA class I histocompatibility antigen	homo sapiens	homo sapiens			homo sapiens	homo sapiens	homo sapiens	Rizkallah, P.J., Bulek, A.M., Cole, D.K., Sewell, A.K.	2.475	X-RAY DIFFRACTION	0.259	0.205					True
3vxs	E	D	NA	NA	abTCR	0	C	peptide	10-mer peptide from protein nef	NA	MH1	A	B	53.683	TRBV7	TRAV21	NA	NA	IMMUNE SYSTEM	09/20/12	The complex between H27-14 TCR and HLA-A24 bound to HIV-1 Nef134-10(6L) peptide	homo sapiens	homo sapiens			human immunodeficiency virus 1	homo sapiens	homo sapiens	Shimizu, A., Fukai, S., Yamagata, A., Iwamoto, A.	1.8	X-RAY DIFFRACTION	0.230	0.201	64.8e-6	SPR	25	24192765	True
3vxr	E	D	NA	NA	abTCR	0	C	peptide	10-mer peptide from protein nef	NA	MH1	A	B	51.107	TRBV7	TRAV21	NA	NA	IMMUNE SYSTEM	09/20/12	The complex between H27-14 TCR and HLA-A24 bound to HIV-1 Nef134-10(wt) peptide	homo sapiens	homo sapiens			human immunodeficiency virus 1	homo sapiens	homo sapiens	Shimizu, A., Fukai, S., Yamagata, A., Iwamoto, A.	2.4	X-RAY DIFFRACTION	0.242	0.199	9.7e-6	SPR	25	24192765	True
3vxu	E	D	NA	NA	abTCR	0	C	peptide	10-mer peptide from protein nef	NA	MH1	A	B	nan	TRBV27	TRAV12	NA	NA	IMMUNE SYSTEM	09/20/12	The complex between T36-5 TCR and HLA-A24 bound to HIV-1 Nef134-10(2F) peptide	homo sapiens	homo sapiens			human immunodeficiency virus 1	homo sapiens	homo sapiens	Shimizu, A., Fukai, S., Yamagata, A., Iwamoto, A.	2.7	X-RAY DIFFRACTION	0.323	0.272	1.6e-6	SPR	25	24192765	True
3vxu	J	I	NA	NA	abTCR	0	H	peptide	10-mer peptide from protein nef	NA	MH1	F	G	nan	TRBV27	TRAV12	NA	NA	IMMUNE SYSTEM	09/20/12	The complex between T36-5 TCR and HLA-A24 bound to HIV-1 Nef134-10(2F) peptide	homo sapiens	homo sapiens			human immunodeficiency virus 1	homo sapiens	homo sapiens	Shimizu, A., Fukai, S., Yamagata, A., Iwamoto, A.	2.7	X-RAY DIFFRACTION	0.323	0.272	1.6e-6	SPR	25	24192765	True
3vxm	E	D	NA	NA	abTCR	0	C	peptide	10-mer peptide from protein nef	NA	MH1	A	B	49.624	TRBV4	TRAV8	NA	NA	IMMUNE SYSTEM	09/20/12	The complex between C1-28 TCR and HLA-A24 bound to HIV-1 Nef134-10(2F) peptide	homo sapiens	homo sapiens			human immunodeficiency virus 1	homo sapiens	homo sapiens	Shimizu, A., Fukai, S., Yamagata, A., Iwamoto, A.	2.5	X-RAY DIFFRACTION	0.267	0.209	21.1e-6	SPR	25	24192765	True
4qok	E	D	NA	NA	abTCR	0	C	peptide	melanoma antigen recognized by t-cells 1 marker peptide	NA	MH1	A	B	47.655	TRBV30	TRAV12	NA	NA	IMMUNE SYSTEM	06/20/14	Structural basis for ineffective T-cell responses to MHC anchor residue improved heteroclitic peptides	homo sapiens	homo sapiens			homo sapiens	homo sapiens	homo sapiens	Rizkallah, P.J., Cole, D.K., Madura, F., Sewell, A.K.	3.0	X-RAY DIFFRACTION	0.262	0.203					True
1lp9	M	L	NA	NA	abTCR	0	J	peptide	self-peptide p1049	NA	MH1	H	I	65.682	TRBV13	TRAV12	NA	NA	IMMUNE SYSTEM	05/07/02	Xenoreactive complex AHIII 12.2 TCR bound to p1049/HLA-A2.1	mus musculus	mus musculus				homo sapiens	homo sapiens	Buslepp, J., Wang, H., Biddison, W.E., Appella, E., Collins, E.J.	2.0	X-RAY DIFFRACTION	0.253	0.219					True
1lp9	F	E	NA	NA	abTCR	0	C	peptide	self-peptide p1049	NA	MH1	A	B	68.028	TRBV13	TRAV12	NA	NA	IMMUNE SYSTEM	05/07/02	Xenoreactive complex AHIII 12.2 TCR bound to p1049/HLA-A2.1	mus musculus	mus musculus				homo sapiens	homo sapiens	Buslepp, J., Wang, H., Biddison, W.E., Appella, E., Collins, E.J.	2.0	X-RAY DIFFRACTION	0.253	0.219					True
2ckb	D	C	NA	NA	abTCR	0	Q	peptide	dev8 peptide	NA	MH1	I	M	21.479	TRBV13	TRAV9	NA	NA	MAJOR HISTOCOMPATIBILITY COMPLEX	01/14/98	STRUCTURE OF THE 2C/KB/DEV8 COMPLEX	mus musculus	mus musculus				mus musculus	mus musculus	Garcia, K.C., Degano, M., Wilson, I.A.	3.0	X-RAY DIFFRACTION	0.322	0.221					True
2ckb	B	A	NA	NA	abTCR	0	P	peptide	dev8 peptide	NA	MH1	H	L	22.691	TRBV13	TRAV9	NA	NA	MAJOR HISTOCOMPATIBILITY COMPLEX	01/14/98	STRUCTURE OF THE 2C/KB/DEV8 COMPLEX	mus musculus	mus musculus				mus musculus	mus musculus	Garcia, K.C., Degano, M., Wilson, I.A.	3.0	X-RAY DIFFRACTION	0.322	0.221					True
1mi5	E	D	NA	NA	abTCR	0	C	peptide	epstein barr virus peptide	NA	MH1	A	B	42.752	TRBV7	TRAV26	NA	NA	IMMUNE SYSTEM	08/21/02	The crystal structure of LC13 TcR in complex with HLAB8-EBV peptide complex	homo sapiens	homo sapiens				homo sapiens	homo sapiens	Kjer-Nielsen, L., Clements, C.S., Purcell, A.W., Brooks, A.G., Whisstock, J.C., Burrows, S.R., McCluskey, J., Rossjohn, J.	2.5	X-RAY DIFFRACTION	0.288	0.226	12.5e-6	SPR	25	15640805	True
4jff	E	D	NA	NA	abTCR	0	C	peptide	melanoma motif	NA	MH1	A	B	42.977	TRBV30	TRAV12	NA	NA	IMMUNE SYSTEM	02/28/13	Preservation of peptide specificity during TCR-MHC contact dominated affinity enhancement of a melanoma-specific TCR	homo sapiens	homo sapiens			homo sapiens	homo sapiens	homo sapiens	Rizkallah, P.J., Cole, D.K., Madura, F., Sewell, A.K.	2.43	X-RAY DIFFRACTION	0.263	0.210					True
3e3q	e	d	NA	NA	abTCR	0	f	peptide	unknown	NA	MH1	c	NA	42.509	TRBV13	TRAV9	NA	NA	IMMUNE SYSTEM	08/07/08	Structure of the 3alpham13 high-affinity mutant of the 2C TCR in complex with Ld/QL9	mus musculus	mus musculus				mus musculus		Colf, L.A., Garcia, K.C.	2.95	X-RAY DIFFRACTION	0.275	0.250	116e-9	SPR	NA	18941216	False
3e3q	N	M	NA	NA	abTCR	0	O	peptide	ql9 peptide	NA	MH1	L	NA	45.262	TRBV13	TRAV9	NA	NA	IMMUNE SYSTEM	08/07/08	Structure of the 3alpham13 high-affinity mutant of the 2C TCR in complex with Ld/QL9	mus musculus	mus musculus				mus musculus		Colf, L.A., Garcia, K.C.	2.95	X-RAY DIFFRACTION	0.275	0.250	116e-9	SPR	NA	18941216	True
3e3q	W	V	NA	NA	abTCR	0	X	peptide	ql9 peptide	NA	MH1	U	NA	42.607	TRBV13	TRAV9	NA	NA	IMMUNE SYSTEM	08/07/08	Structure of the 3alpham13 high-affinity mutant of the 2C TCR in complex with Ld/QL9	mus musculus	mus musculus				mus musculus		Colf, L.A., Garcia, K.C.	2.95	X-RAY DIFFRACTION	0.275	0.250	116e-9	SPR	NA	18941216	True
3e3q	S	R	NA	NA	abTCR	0	T	peptide	ql9 peptide	NA	MH1	P	NA	42.294	TRBV13	TRAV9	NA	NA	IMMUNE SYSTEM	08/07/08	Structure of the 3alpham13 high-affinity mutant of the 2C TCR in complex with Ld/QL9	mus musculus	mus musculus				mus musculus		Colf, L.A., Garcia, K.C.	2.95	X-RAY DIFFRACTION	0.275	0.250	116e-9	SPR	NA	18941216	True
3e3q	E	D	NA	NA	abTCR	0	Q	peptide	ql9 peptide	NA	MH1	A	NA	44.850	TRBV13	TRAV9	NA	NA	IMMUNE SYSTEM	08/07/08	Structure of the 3alpham13 high-affinity mutant of the 2C TCR in complex with Ld/QL9	mus musculus	mus musculus				mus musculus		Colf, L.A., Garcia, K.C.	2.95	X-RAY DIFFRACTION	0.275	0.250	116e-9	SPR	NA	18941216	True
3e3q	a	Z	NA	NA	abTCR	0	b	peptide	unknown	NA	MH1	Y	NA	42.203	TRBV13	TRAV9	NA	NA	IMMUNE SYSTEM	08/07/08	Structure of the 3alpham13 high-affinity mutant of the 2C TCR in complex with Ld/QL9	mus musculus	mus musculus				mus musculus		Colf, L.A., Garcia, K.C.	2.95	X-RAY DIFFRACTION	0.275	0.250	116e-9	SPR	NA	18941216	True
3e3q	J	I	NA	NA	abTCR	0	K	peptide	ql9 peptide	NA	MH1	H	NA	44.857	TRBV13	TRAV9	NA	NA	IMMUNE SYSTEM	08/07/08	Structure of the 3alpham13 high-affinity mutant of the 2C TCR in complex with Ld/QL9	mus musculus	mus musculus				mus musculus		Colf, L.A., Garcia, K.C.	2.95	X-RAY DIFFRACTION	0.275	0.250	116e-9	SPR	NA	18941216	True
3e3q	F	C	NA	NA	abTCR	0	G	peptide	ql9 peptide	NA	MH1	B	NA	45.261	TRBV13	TRAV9	NA	NA	IMMUNE SYSTEM	08/07/08	Structure of the 3alpham13 high-affinity mutant of the 2C TCR in complex with Ld/QL9	mus musculus	mus musculus				mus musculus		Colf, L.A., Garcia, K.C.	2.95	X-RAY DIFFRACTION	0.275	0.250	116e-9	SPR	NA	18941216	True
3d3v	E	D	NA	NA	abTCR	0	C	peptide	modified htlv-1 tax (y5(3,4-difluoro)f) peptide	NA	MH1	A	B	35.930	TRBV6	TRAV12	NA	NA	IMMUNE SYSTEM	05/12/08	The complex between TCR A6 and human Class I MHC HLA-A2 with the modified HTLV-1 TAX (Y5(3,4-difluoroPhenylalanine)) peptide	homo sapiens	homo sapiens				homo sapiens	homo sapiens	Borbulevych, O.Y., Clemens, J.R., Baker, B.M.	2.8	X-RAY DIFFRACTION	0.278	0.220	0.46e-6	SPR	25	19698083	True
1bd2	E	D	NA	NA	abTCR	0	C	peptide	tax peptide	NA	MH1	A	B	49.404	TRBV6	TRAV29	NA	NA	COMPLEX (MHC/VIRAL PEPTIDE/RECEPTOR)	05/12/98	COMPLEX BETWEEN HUMAN T-CELL RECEPTOR B7, VIRAL PEPTIDE (TAX) AND MHC CLASS I MOLECULE HLA-A 0201	homo sapiens	homo sapiens			human t-lymphotropic virus 1	homo sapiens	homo sapiens	Ding, Y.-H., Smith, K.J., Garboczi, D.N., Utz, U., Biddison, W.E., Wiley, D.C.	2.5	X-RAY DIFFRACTION	0.312	0.238					True
6avf	B	A	NA	NA	abTCR	0	P	peptide	ala-pro-arg-gly-pro-his-gly-gly-ala-ala-ser-gly-leu	NA	MH1	H	M	40.558	TRBV28	TRAV4	NA	NA	IMMUNE SYSTEM	09/02/17	Crystal structure of the KFJ5 TCR-NY-ESO-1-HLA-B*07:02 complex	homo sapiens	homo sapiens			homo sapiens	homo sapiens	homo sapiens	Gully, B.S., Gras, S., Rossjohn, J.	2.028	X-RAY DIFFRACTION	0.256	0.204					True
3d39	E	D	NA	NA	abTCR	0	C	peptide	modified htlv-1 tax (y5(4fluoro)f) peptide	NA	MH1	A	B	36.650	TRBV6	TRAV12	NA	NA	IMMUNE SYSTEM	05/09/08	The complex between TCR A6 and human Class I MHC HLA-A2 with the modified HTLV-1 TAX (Y5(4-fluoroPhenylalanine)) peptide	homo sapiens	homo sapiens				homo sapiens	homo sapiens	Borbulevych, O.Y., Clemens, J.R., Baker, B.M.	2.81	X-RAY DIFFRACTION	0.269	0.201	0.64e-6	SPR	25	19698083	True
2nx5	J	I	NA	NA	abTCR	0	M	peptide	ebv peptide, eplpqgqltay	NA	MH1	F	G	58.903	TRBV10	TRAV1	NA	NA	IMMUNE SYSTEM	11/16/06	Crystal structure of ELS4 TCR bound to HLA-B*3501 presenting EBV peptide EPLPQGQLTAY at 1.7A	homo sapiens	homo sapiens				homo sapiens	homo sapiens	Tynan, F.E., Reid, H.H., Rossjohn, J.	2.7	X-RAY DIFFRACTION	0.327	0.269					True
2nx5	E	D	NA	NA	abTCR	0	C	peptide	ebv peptide, eplpqgqltay	NA	MH1	A	B	56.703	TRBV10	TRAV1	NA	NA	IMMUNE SYSTEM	11/16/06	Crystal structure of ELS4 TCR bound to HLA-B*3501 presenting EBV peptide EPLPQGQLTAY at 1.7A	homo sapiens	homo sapiens				homo sapiens	homo sapiens	Tynan, F.E., Reid, H.H., Rossjohn, J.	2.7	X-RAY DIFFRACTION	0.327	0.269					True
2nx5	P	N	NA	NA	abTCR	0	H	peptide	ebv peptide, eplpqgqltay	NA	MH1	K	L	61.579	TRBV10	TRAV1	NA	NA	IMMUNE SYSTEM	11/16/06	Crystal structure of ELS4 TCR bound to HLA-B*3501 presenting EBV peptide EPLPQGQLTAY at 1.7A	homo sapiens	homo sapiens				homo sapiens	homo sapiens	Tynan, F.E., Reid, H.H., Rossjohn, J.	2.7	X-RAY DIFFRACTION	0.327	0.269					True
2nx5	U	T	NA	NA	abTCR	0	S	peptide	ebv peptide, eplpqgqltay	NA	MH1	Q	R	58.909	TRBV10	TRAV1	NA	NA	IMMUNE SYSTEM	11/16/06	Crystal structure of ELS4 TCR bound to HLA-B*3501 presenting EBV peptide EPLPQGQLTAY at 1.7A	homo sapiens	homo sapiens				homo sapiens	homo sapiens	Tynan, F.E., Reid, H.H., Rossjohn, J.	2.7	X-RAY DIFFRACTION	0.327	0.269					True
5til	H	G	NA	NA	abTCR	0	C	peptide	pre-glycoprotein polyprotein gp complex	NA	MH1	A	B	45.162	TRBV13	TRAV14	NA	NA	IMMUNE SYSTEM	10/03/16	Murine class I major histocompatibility complex H-2 Db in complex with LCMV-derived GP33 altered peptide V3P and T-cell receptor P14	mus musculus	mus musculus			lymphocytic choriomeningitis mammarenavirus	mus musculus	mus musculus	Achour, A., Sandalova, T., Allerbring, E.B.	2.83	X-RAY DIFFRACTION	0.275	0.219					True
5til	L	K	NA	NA	abTCR	0	F	peptide	pre-glycoprotein polyprotein gp complex	NA	MH1	D	E	46.162	TRBV13	TRAV14	NA	NA	IMMUNE SYSTEM	10/03/16	Murine class I major histocompatibility complex H-2 Db in complex with LCMV-derived GP33 altered peptide V3P and T-cell receptor P14	mus musculus	mus musculus			lymphocytic choriomeningitis mammarenavirus	mus musculus	mus musculus	Achour, A., Sandalova, T., Allerbring, E.B.	2.83	X-RAY DIFFRACTION	0.275	0.219					True
2ypl	E	D	NA	NA	abTCR	0	C	peptide	kf11 p24 gag peptide	NA	MH1	A	B	27.481	TRBV19	TRAV5	NA	NA	IMMUNE SYSTEM/VIRAL PROTEIN	10/30/12	Structural features underlying T-cell receptor sensitivity to concealed MHC class I micropolymorphisms	homo sapiens	homo sapiens			human immunodeficiency virus	homo sapiens	homo sapiens	Stewart-Jones, G.B., Simpson, P., van der Merwe, P.A., Easterbrook, P., McMichael, A.J., Rowland-Jones, S.L., Jones, E.Y., Gillespie, G.M.	2.4	X-RAY DIFFRACTION	0.27746	0.22072					True
5isz	E	D	NA	NA	abTCR	0	C	peptide	influenza m1 for peptide	NA	MH1	A	B	55.999	TRBV19	TRAV24	NA	NA	IMMUNE SYSTEM	03/15/16	Crystal structure of LS01-TCR/M1-HLA-A*02 complex	homo sapiens	homo sapiens			influenza a virus	homo sapiens	homo sapiens	Stern, L.J., Selin, L.K., Song, I.	2.06	X-RAY DIFFRACTION	0.200	0.184					True
6d78	E	D	NA	NA	abTCR	0	C	peptide	melanoma antigen recognized by t-cells 1	NA	MH1	A	B	32.745	TRBV6	TRAV12	NA	NA	IMMUNE SYSTEM	04/24/18	The complex between high-affinity TCR DMF5(alpha-D26Y,beta-L98W) and human Class I MHC HLA-A2 with the bound MART-1(27-35)peptide	homo sapiens	homo sapiens			homo sapiens	homo sapiens	homo sapiens	Hellman, L.M., Singh, N.K.	2.347	X-RAY DIFFRACTION	0.255	0.204					True
5e9d	E	D	NA	NA	abTCR	0	C	peptide	melanoma derived mart-1 peptide	NA	MH1	A	B	41.282	TRBV6	TRAV12	NA	NA	PROTEIN BINDING	10/15/15	RD-1 Mart-1 High bound to Mart-1 decameric peptide (ELA) in complex with HLA-A2	homo sapiens	homo sapiens			homo sapiens	homo sapiens	homo sapiens	Singh, N.K., Baker, B.M.	2.51	X-RAY DIFFRACTION	0.232	0.180					True
5e9d	J	I	NA	NA	abTCR	0	H	peptide	melanoma derived mart-1 peptide	NA	MH1	F	G	36.540	TRBV6	TRAV12	NA	NA	PROTEIN BINDING	10/15/15	RD-1 Mart-1 High bound to Mart-1 decameric peptide (ELA) in complex with HLA-A2	homo sapiens	homo sapiens			homo sapiens	homo sapiens	homo sapiens	Singh, N.K., Baker, B.M.	2.51	X-RAY DIFFRACTION	0.232	0.180					True
5bs0	E	D	NA	NA	abTCR	0	C	peptide	titin	NA	MH1	A	B	58.261	TRBV5	TRAV21	NA	NA	IMMUNE SYSTEM	06/01/15	MAGE-A3 Reactive TCR in complex with Titin Epitope in HLA-A1	homo sapiens	homo sapiens			homo sapiens	homo sapiens	homo sapiens	Raman, M.C.C., Rizkallah, P.J., Simmons, R., Donellan, Z., Dukes, J., Bossi, G., LeProvost, G., Mahon, T., Hickman, E., Lomax, M., Oates, J., Hassan, N., Vuidepot, A., Sami, M., Cole, D.K., Jakobsen, B.K.	2.4	X-RAY DIFFRACTION	0.262	0.203					True
4mji	J	I	NA	NA	abTCR	0	H	peptide	hiv reverse transcriptase peptide marker	NA	MH1	F	G	43.980	TRBV7	TRAV17	NA	NA	IMMUNE SYSTEM	09/03/13	T cell response to a HIV reverse transcriptase epitope presented by the protective allele HLA-B*51:01	homo sapiens	homo sapiens			human immunodeficiency virus 1	homo sapiens	homo sapiens	Rizkallah, P.J., Cole, D.K., Sewell, A.K., Motozono, C., Takiguchi, M.	2.99	X-RAY DIFFRACTION	0.304	0.242					True
4mji	E	D	NA	NA	abTCR	0	C	peptide	hiv reverse transcriptase peptide marker	NA	MH1	A	B	44.030	TRBV7	TRAV17	NA	NA	IMMUNE SYSTEM	09/03/13	T cell response to a HIV reverse transcriptase epitope presented by the protective allele HLA-B*51:01	homo sapiens	homo sapiens			human immunodeficiency virus 1	homo sapiens	homo sapiens	Rizkallah, P.J., Cole, D.K., Sewell, A.K., Motozono, C., Takiguchi, M.	2.99	X-RAY DIFFRACTION	0.304	0.242					True
3ffc	J	I	NA	NA	abTCR	0	H	peptide	flrgraygl peptide from an ebv protein	NA	MH1	F	G	29.779	TRBV11	TRAV14	NA	NA	IMMUNE SYSTEM	12/03/08	Crystal Structure of CF34 TCR in complex with HLA-B8/FLR	homo sapiens	homo sapiens				homo sapiens	homo sapiens	Gras, S., Burrows, S.R., Kjer-Nielsen, L., Clements, C.S., Liu, Y.C., Sullivan, L.C., Brooks, A.G., Purcell, A.W., McCluskey, J., Rossjohn, J.	2.8	X-RAY DIFFRACTION	0.268	0.221					True
3ffc	E	D	NA	NA	abTCR	0	C	peptide	flrgraygl peptide from an ebv protein	NA	MH1	A	B	28.329	TRBV11	TRAV14	NA	NA	IMMUNE SYSTEM	12/03/08	Crystal Structure of CF34 TCR in complex with HLA-B8/FLR	homo sapiens	homo sapiens				homo sapiens	homo sapiens	Gras, S., Burrows, S.R., Kjer-Nielsen, L., Clements, C.S., Liu, Y.C., Sullivan, L.C., Brooks, A.G., Purcell, A.W., McCluskey, J., Rossjohn, J.	2.8	X-RAY DIFFRACTION	0.268	0.221					True
2oi9	C	B	NA	NA	abTCR	0	Q	peptide	peptide (gln)(leu)(ser)(pro)(phe)(pro)(phe)(asp)(leu) 	NA	MH1	A	NA	48.240	TRBV13	TRAV9	NA	NA	IMMUNE SYSTEM	01/10/07	Structure of the 2C/Ld/QL9 allogeneic complex	mus musculus	mus musculus				mus musculus		Garcia, K.C., Colf, L.A.	2.35	X-RAY DIFFRACTION	0.226	0.220	2e-6	ITC	20	17418792	True
3utt	E	D	NA	NA	abTCR	0	C	peptide	insulin	NA	MH1	A	B	47.226	TRBV12	TRAV12	NA	NA	IMMUNE SYSTEM	11/26/11	1E6-A*0201-ALWGPDPAAA Complex, Triclinic	homo sapiens	homo sapiens			homo sapiens	homo sapiens	homo sapiens	Rizkallah, P.J., Cole, D.K., Sewell, A.K., Bulek, A.M., Rossjohn, J., Gras, S.	2.6	X-RAY DIFFRACTION	0.274	0.195					True
3utt	J	I	NA	NA	abTCR	0	H	peptide	insulin	NA	MH1	F	G	41.596	TRBV12	TRAV12	NA	NA	IMMUNE SYSTEM	11/26/11	1E6-A*0201-ALWGPDPAAA Complex, Triclinic	homo sapiens	homo sapiens			homo sapiens	homo sapiens	homo sapiens	Rizkallah, P.J., Cole, D.K., Sewell, A.K., Bulek, A.M., Rossjohn, J., Gras, S.	2.6	X-RAY DIFFRACTION	0.274	0.195					True
3uts	E	D	NA	NA	abTCR	0	C	peptide	insulin	NA	MH1	A	B	36.754	TRBV12	TRAV12	NA	NA	IMMUNE SYSTEM	11/26/11	1E6-A*0201-ALWGPDPAAA Complex, Monoclinic	homo sapiens	homo sapiens			homo sapiens	homo sapiens	homo sapiens	Rizkallah, P.J., Cole, D.K., Sewell, A.K., Bulek, A.M.	2.712	X-RAY DIFFRACTION	0.269	0.201					True
3uts	J	I	NA	NA	abTCR	0	H	peptide	insulin	NA	MH1	F	G	35.225	TRBV12	TRAV12	NA	NA	IMMUNE SYSTEM	11/26/11	1E6-A*0201-ALWGPDPAAA Complex, Monoclinic	homo sapiens	homo sapiens			homo sapiens	homo sapiens	homo sapiens	Rizkallah, P.J., Cole, D.K., Sewell, A.K., Bulek, A.M.	2.712	X-RAY DIFFRACTION	0.269	0.201					True
3o4l	E	D	NA	NA	abTCR	0	C	peptide	bslf2/bmlf1 protein	NA	MH1	A	B	46.314	TRBV20	TRAV5	NA	NA	IMMUNE SYSTEM	07/27/10	Genetic and structural basis for selection of a ubiquitous T cell receptor deployed in Epstein-Barr virus	homo sapiens	homo sapiens			human herpesvirus 4	homo sapiens	homo sapiens	Miles, J.J., Bulek, A.M., Cole, D.K., Gostick, E., Schauenburg, J.A., Dolton, G., Venturi, V., Davenport, M.P., Tan, M.P., Burrows, S.R., Wooldridge, L., Price, D.A., Rizkallah, P.J., Sewell, A.K.	2.54	X-RAY DIFFRACTION	0.296	0.221					False
4l3e	E	D	NA	NA	abTCR	0	C	peptide	melanoma antigen recognized by t-cells 1	NA	MH1	A	B	32.607	TRBV6	TRAV12	NA	NA	IMMUNE SYSTEM	06/05/13	The complex between high affinity TCR DMF5(alpha-D26Y,beta-L98W) and human Class I MHC HLA-A2 with the bound MART-1(26-35)(A27L) peptide	homo sapiens	homo sapiens			homo sapiens	homo sapiens	homo sapiens	Hellman, L.M.	2.557	X-RAY DIFFRACTION	0.266	0.229					True
2uwe	F	E	NA	NA	abTCR	0	C	peptide	uncharacterized protein c15orf24	NA	MH1	A	B	68.542	TRBV13	TRAV12	NA	NA	IMMUNE SYSTEM	03/20/07	Large CDR3a loop alteration as a function of MHC mutation	mus musculus	mus musculus			homo sapiens	homo sapiens	homo sapiens	Miller, P.J., Pazy, Y., Conti, B., Riddle, D., Biddison, W.E., Appella, E., Collins, E.J.	2.4	X-RAY DIFFRACTION	0.290	0.240	4.6e-6	SPR	NA	17825839	True
2uwe	M	L	NA	NA	abTCR	0	J	peptide	uncharacterized protein c15orf24	NA	MH1	H	I	65.155	TRBV13	TRAV12	NA	NA	IMMUNE SYSTEM	03/20/07	Large CDR3a loop alteration as a function of MHC mutation	mus musculus	mus musculus			homo sapiens	homo sapiens	homo sapiens	Miller, P.J., Pazy, Y., Conti, B., Riddle, D., Biddison, W.E., Appella, E., Collins, E.J.	2.4	X-RAY DIFFRACTION	0.290	0.240	4.6e-6	SPR	NA	17825839	True
4nhu	B	A	NA	NA	abTCR	0	NA	NA	NA	NA	MH1	G	NA	94.145	TRBV13	TRAV9	NA	NA	IMMUNE SYSTEM	11/05/13	The M33 TCR p3M33l/H-2 Ld Complex	mus musculus, homo sapiens	mus musculus, homo sapiens				mus musculus		Birnbaum, M.E., Adams, J.J., Garcia, K.C.	2.9	X-RAY DIFFRACTION	0.260	0.229					True
4nhu	D	C	NA	NA	abTCR	0	NA	NA	NA	NA	MH1	E	NA	92.979	TRBV13	TRAV9	NA	NA	IMMUNE SYSTEM	11/05/13	The M33 TCR p3M33l/H-2 Ld Complex	mus musculus, homo sapiens	mus musculus, homo sapiens				mus musculus		Birnbaum, M.E., Adams, J.J., Garcia, K.C.	2.9	X-RAY DIFFRACTION	0.260	0.229					True
3qeq	E	D	NA	NA	abTCR	0	C	peptide	mart-1(27-35) peptide	NA	MH1	A	B	44.348	TRBV10	TRAV35	NA	NA	IMMUNE SYSTEM	01/20/11	The complex between TCR DMF4 and human Class I MHC HLA-A2 with the bound MART-1(27-35) nonameric peptide	homo sapiens	homo sapiens				homo sapiens	homo sapiens	Borbulevych, O.Y., Baker, B.M.	2.59	X-RAY DIFFRACTION	0.269	0.215	170e-6	SPR	25	21795600	True
4jfd	E	D	NA	NA	abTCR	0	C	peptide	melanoma peptide	NA	MH1	A	B	42.674	TRBV30	TRAV12	NA	NA	IMMUNE SYSTEM	02/28/13	Preservation of peptide specificity during TCR-MHC contact dominated affinity enhancement of a melanoma-specific TCR	homo sapiens	homo sapiens				homo sapiens	homo sapiens	Rizkallah, P.J., Cole, D.K., Madura, F., Sewell, A.K.	2.46	X-RAY DIFFRACTION	0.248	0.202					True
4jfe	E	D	NA	NA	abTCR	0	C	peptide	melanoma peptide l7a	NA	MH1	A	B	42.798	TRBV30	TRAV12	NA	NA	IMMUNE SYSTEM	02/28/13	Preservation of peptide specificity during TCR-MHC contact dominated affinity enhancement of a melanoma-specific TCR	homo sapiens	homo sapiens				homo sapiens	homo sapiens	Rizkallah, P.J., Cole, D.K., Madura, F., Sewell, A.K.	2.7	X-RAY DIFFRACTION	0.250	0.202					True
4mxq	D	C	NA	NA	abTCR	0	B	peptide	pcpc5	NA	MH1	A	NA	47.771	TRBV13	TRAV9	NA	NA	IMMUNE SYSTEM	09/26/13	42F3 TCR pCPC5/H-2Ld Complex	mus musculus, homo sapiens	mus musculus, homo sapiens				mus musculus		Birnbaum, M.E., Adams, J.J., Garcia, K.C.	2.596	X-RAY DIFFRACTION	0.240	0.211					True
3mv8	E	D	NA	NA	abTCR	0	C	peptide	hpvg peptide from epstein-barr nuclear antigen 1	NA	MH1	A	B	41.600	TRBV9	TRAV20	NA	NA	IMMUNE SYSTEM	05/03/10	Crystal Structure of the TK3-Gln55His TCR in complex with HLA-B*3501/HPVG	homo sapiens	homo sapiens				homo sapiens	homo sapiens	Gras, S., Chen, Z., Miles, J.J., Liu, Y.C., Bell, M.J., Sullivan, L.C., Kjer-Nielsen, L., Brennan, R.M., Burrows, J.M., Neller, M.A., Khanna, R., Purcell, A.W., Brooks, A.G., McCluskey, J., Rossjohn, J., Burrows, S.R.	2.1	X-RAY DIFFRACTION	0.276	0.229	34.66e-6	SPR	25	20566715	True
3mv9	E	D	NA	NA	abTCR	0	C	peptide	hpvg peptide from epstein-barr nuclear antigen 1	NA	MH1	A	B	41.382	TRBV9	TRAV20	NA	NA	IMMUNE SYSTEM	05/03/10	Crystal Structure of the TK3-Gln55Ala TCR in complex with HLA-B*3501/HPVG	homo sapiens	homo sapiens				homo sapiens	homo sapiens	Gras, S., Chen, Z., Miles, J.J., Liu, Y.C., Bell, M.J., Sullivan, L.C., Kjer-Nielsen, L., Brennan, R.M., Burrows, J.M., Neller, M.A., Khanna, R., Purcell, A.W., Brooks, A.G., McCluskey, J., Rossjohn, J., Burrows, S.R.	2.7	X-RAY DIFFRACTION	0.331	0.234	5.76e-6	SPR	25	20566715	True
3mv7	E	D	NA	NA	abTCR	0	C	peptide	hpvg peptide from epstein-barr nuclear antigen 1	NA	MH1	A	B	42.517	TRBV9	TRAV20	NA	NA	IMMUNE SYSTEM	05/03/10	Crystal Structure of the TK3 TCR in complex with HLA-B*3501/HPVG	homo sapiens	homo sapiens				homo sapiens	homo sapiens	Gras, S., Chen, Z., Miles, J.J., Liu, Y.C., Bell, M.J., Sullivan, L.C., Kjer-Nielsen, L., Brennan, R.M., Burrows, J.M., Neller, M.A., Khanna, R., Purcell, A.W., Brooks, A.G., McCluskey, J., Rossjohn, J., Burrows, S.R.	2.0	X-RAY DIFFRACTION	0.286	0.225	2.2e-6	SPR	25	20566715	True
5euo	H	G	NA	NA	abTCR	0	I	peptide	matrix protein 1	NA	MH1	C	D	66.140	TRBV19	TRAV27	NA	NA	IMMUNE SYSTEM	11/18/15	PF6-M1-HLA-A2	homo sapiens	homo sapiens			influenza a virus	homo sapiens	homo sapiens	Yang, X.	2.1	X-RAY DIFFRACTION	0.281	0.229					True
5euo	F	E	NA	NA	abTCR	0	J	peptide	matrix protein 1	NA	MH1	A	B	65.213	TRBV19	TRAV27	NA	NA	IMMUNE SYSTEM	11/18/15	PF6-M1-HLA-A2	homo sapiens	homo sapiens			influenza a virus	homo sapiens	homo sapiens	Yang, X.	2.1	X-RAY DIFFRACTION	0.281	0.229					True
4mnq	E	D	NA	NA	abTCR	0	C	peptide	telomerase reverse transcriptase	NA	MH1	A	B	43.052	TRBV6	TRAV22	NA	NA	IMMUNE SYSTEM	09/11/13	TCR-peptide specificity overrides affinity enhancing TCR-MHC interactions	homo sapiens	pan troglodytes, homo sapiens			homo sapiens	homo sapiens	homo sapiens	Rizkallah, P.J., Cole, D.K., Sewell, A.K., Jakobsen, B.K.	2.742	X-RAY DIFFRACTION	0.284	0.214					True
5d2n	F	C	NA	NA	abTCR	0	G	peptide	asn-leu-val-pro-met-val-ala-thr-val	NA	MH1	H	L	64.500	TRBV7	TRAV26	NA	NA	IMMUNE SYSTEM	08/05/15	Crystal structure of C25-NLV-HLA-A2 complex	homo sapiens	homo sapiens			cytomegalovirus	homo sapiens	homo sapiens	Mariuzza, R.A., Yang, X.	2.099	X-RAY DIFFRACTION	0.253	0.204	4.7e-6	SPR	25	26429912	True
5d2n	E	D	NA	NA	abTCR	0	I	peptide	asn-leu-val-pro-met-val-ala-thr-val	NA	MH1	A	B	60.930	TRBV7	TRAV26	NA	NA	IMMUNE SYSTEM	08/05/15	Crystal structure of C25-NLV-HLA-A2 complex	homo sapiens	homo sapiens			cytomegalovirus	homo sapiens	homo sapiens	Mariuzza, R.A., Yang, X.	2.099	X-RAY DIFFRACTION	0.253	0.204	4.7e-6	SPR	25	26429912	True
5swz	E	D	NA	NA	abTCR	0	C	peptide	influenza np366 epitope	NA	MH1	A	B	127.917	TRBV17	TRAV14	NA	NA	IMMUNE SYSTEM	08/09/16	Crystal Structure of NP1-B17 TCR-H2Db-NP complex	mus musculus	mus musculus			unidentified influenza virus	mus musculus	mus musculus	Gras, S., Del Campo, C.M., Farenc, C., Josephs, T.M., Rossjohn, J.	2.65	X-RAY DIFFRACTION	0.249	0.226					True
5swz	O	N	NA	NA	abTCR	0	M	peptide	influenza np366 epitope	NA	MH1	K	L	125.814	TRBV17	TRAV14	NA	NA	IMMUNE SYSTEM	08/09/16	Crystal Structure of NP1-B17 TCR-H2Db-NP complex	mus musculus	mus musculus			unidentified influenza virus	mus musculus	mus musculus	Gras, S., Del Campo, C.M., Farenc, C., Josephs, T.M., Rossjohn, J.	2.65	X-RAY DIFFRACTION	0.249	0.226					True
5swz	J	I	NA	NA	abTCR	0	H	peptide	influenza np366 epitope	NA	MH1	F	G	127.720	TRBV17	TRAV14	NA	NA	IMMUNE SYSTEM	08/09/16	Crystal Structure of NP1-B17 TCR-H2Db-NP complex	mus musculus	mus musculus			unidentified influenza virus	mus musculus	mus musculus	Gras, S., Del Campo, C.M., Farenc, C., Josephs, T.M., Rossjohn, J.	2.65	X-RAY DIFFRACTION	0.249	0.226					True
5swz	T	S	NA	NA	abTCR	0	R	peptide	influenza np366 epitope	NA	MH1	P	Q	126.871	TRBV17	TRAV14	NA	NA	IMMUNE SYSTEM	08/09/16	Crystal Structure of NP1-B17 TCR-H2Db-NP complex	mus musculus	mus musculus			unidentified influenza virus	mus musculus	mus musculus	Gras, S., Del Campo, C.M., Farenc, C., Josephs, T.M., Rossjohn, J.	2.65	X-RAY DIFFRACTION	0.249	0.226					True
3rgv	B	A	NA	NA	abTCR	0	E	peptide	peptide	NA	MH1	C	D	52.620	TRBV13	TRAV6	NA	NA	IMMUNE SYSTEM	04/09/11	A single TCR bound to MHCI and MHC II reveals switchable TCR conformers	mus musculus	mus musculus			mus musculus	mus musculus	mus musculus	Dai, S., Huseby, E., Scott-Browne, J., Rubtsova, K., Pinilla, C., Crawford, F., Marrack, P., Yin, L., Kappler, J.W.	2.9	X-RAY DIFFRACTION	0.254	0.202					True
2p5w	E	D	NA	NA	abTCR	0	C	peptide	cancer/testis antigen 1b	NA	MH1	A	B	65.992	TRBV6	TRAV21	NA	NA	IMMUNE SYSTEM	03/16/07	Crystal structures of high affinity human T-cell receptors bound to pMHC reveal native diagonal binding geometry	homo sapiens	homo sapiens				homo sapiens	homo sapiens	Sami, M., Rizkallah, P.J., Dunn, S., Li, Y., Moysey, R., Vuidepot, A., Baston, E., Todorov, P., Molloy, P., Gao, F., Boulter, J.M., Jakobsen, B.K.	2.2	X-RAY DIFFRACTION	0.245	0.165					True
2p5e	E	D	NA	NA	abTCR	0	C	peptide	cancer/testis antigen 1b	NA	MH1	A	B	66.648	TRBV6	TRAV21	NA	NA	IMMUNE SYSTEM	03/15/07	Crystal Structures of High Affinity Human T-Cell Receptors Bound to pMHC Reveal Native Diagonal Binding Geometry	homo sapiens	homo sapiens				homo sapiens	homo sapiens	Sami, M., Rizkallah, P.J., Dunn, S., Li, Y., Moysey, R., Vuidepot, A., Baston, E., Todorov, P., Molloy, P., Gao, F., Boulter, J.M., Jakobsen, B.K.	1.89	X-RAY DIFFRACTION	0.236	0.178	0.048e-9	SPR	25	17544531	True
1mwa	D	C	NA	NA	abTCR	0	Q	peptide	dev8	NA	MH1	I	M	26.226	TRBV13	TRAV9	NA	NA	IMMUNE SYSTEM	09/27/02	2C/H-2KBM3/DEV8 ALLOGENEIC COMPLEX	mus musculus	mus musculus				mus musculus	mus musculus	Luz, J.G., Huang, M.D., Garcia, K.C., Rudolph, M.G., Teyton, L., Wilson, I.A.	2.4	X-RAY DIFFRACTION	0.313	0.284					True
1mwa	B	A	NA	NA	abTCR	0	P	peptide	dev8	NA	MH1	H	L	22.774	TRBV13	TRAV9	NA	NA	IMMUNE SYSTEM	09/27/02	2C/H-2KBM3/DEV8 ALLOGENEIC COMPLEX	mus musculus	mus musculus				mus musculus	mus musculus	Luz, J.G., Huang, M.D., Garcia, K.C., Rudolph, M.G., Teyton, L., Wilson, I.A.	2.4	X-RAY DIFFRACTION	0.313	0.284					True
2f53	E	D	NA	NA	abTCR	0	C	peptide	cancer/testis antigen 1b	NA	MH1	A	B	66.123	TRBV6	TRAV21	NA	NA	IMMUNE SYSTEM	11/25/05	Directed Evolution of Human T-cell Receptor CDR2 residues by phage display dramatically enhances affinity for cognate peptide-MHC without apparent cross-reactivity	homo sapiens	homo sapiens				homo sapiens	homo sapiens	Rizkallah, P.J., Jakobsen, B.K., Dunn, S.M., Sami, M.	2.1	X-RAY DIFFRACTION	0.231	0.166					True
1oga	E	D	NA	NA	abTCR	0	C	peptide	gilgfvftl	NA	MH1	A	B	62.558	TRBV19	TRAV27	NA	NA	IMMUNE SYSTEM/RECEPTOR	04/28/03	A structural basis for immunodominant human T-cell receptor recognition.	homo sapiens	homo sapiens			homo sapiens	homo sapiens	homo sapiens	Stewart-Jones, G.B.E., McMichael, A.J., Bell, J.I., Stuart, D.I., Jones, E.Y.	1.4	X-RAY DIFFRACTION	0.231	0.218					True
2f54	E	D	NA	NA	abTCR	0	C	peptide	cancer/testis antigen 1b	NA	MH1	A	B	66.929	TRBV6	TRAV21	NA	NA	IMMUNE SYSTEM	11/25/05	Directed evolution of human T cell receptor CDR2 residues by phage display dramatically enhances affinity for cognate peptide-MHC without increasing apparent cross-reactivity	homo sapiens	homo sapiens				homo sapiens	homo sapiens	Rizkallah, P.J., Jakobsen, B.K., Dunn, S.M., Sami, M.	2.7	X-RAY DIFFRACTION	0.286	0.221					True
2f54	L	K	NA	NA	abTCR	0	H	peptide	cancer/testis antigen 1b	NA	MH1	F	G	71.198	TRBV6	TRAV21	NA	NA	IMMUNE SYSTEM	11/25/05	Directed evolution of human T cell receptor CDR2 residues by phage display dramatically enhances affinity for cognate peptide-MHC without increasing apparent cross-reactivity	homo sapiens	homo sapiens				homo sapiens	homo sapiens	Rizkallah, P.J., Jakobsen, B.K., Dunn, S.M., Sami, M.	2.7	X-RAY DIFFRACTION	0.286	0.221					True
2bnr	E	D	NA	NA	abTCR	0	C	peptide	synthetic peptide	NA	MH1	A	B	69.699	TRBV6	TRAV21	NA	NA	IMMUNE SYSTEM/RECEPTOR	03/31/05	Structural and kinetic basis for heightened immunogenicity of T cell vaccines	homo sapiens	homo sapiens			homo sapiens	homo sapiens	homo sapiens	Chen, J.-L., Stewart-Jones, G., Bossi, G., Lissin, N.M., Wooldridge, L., Choi, E.M.L., Held, G., Dunbar, P.R., Esnouf, R.M., Sami, M., Boultier, J.M., Rizkallah, P.J., Renner, C., Sewell, A., van der Merwe, P.A., Jackobsen, B.K., Griffiths, G., Jones, E.Y., Cerundolo, V.	1.9	X-RAY DIFFRACTION	unknown	0.231	13.3e-6	SPR	25	15837811	True
2bnq	E	D	NA	NA	abTCR	0	C	peptide	synthetic peptide	NA	MH1	A	B	69.544	TRBV6	TRAV21	NA	NA	IMMUNE SYSTEM/RECEPTOR	03/31/05	Structural and kinetic basis for heightened immunogenicity of T cell vaccines	homo sapiens	homo sapiens			homo sapiens	homo sapiens	homo sapiens	Chen, J.-L., Stewart-Jones, G., Bossi, G., Lissin, N.M., Wooldridge, L., Choi, E.M.L., Held, G., Dunbar, P.R., Esnouf, R.M., Sami, M., Boultier, J.M., Rizkallah, P.J., Renner, C., Sewell, A., van der Merwe, P.A., Jackobsen, B.K., Griffiths, G., Jones, E.Y., Cerundolo, V.	1.7	X-RAY DIFFRACTION	0.253	0.226	5.7e-6	SPR	25	15837811	True
5yxu	G	F	NA	NA	abTCR	0	NA	NA	NA	NA	NA	NA	NA	nan	TRBV25	TRAV38	NA	NA	IMMUNE SYSTEM	12/07/17	an affinity enhanced T cell receptor in complex with HLA-A0201 restricted HCV NS3 peptide KLVALGINAV	homo sapiens	homo sapiens						Yi, L.	2.7	X-RAY DIFFRACTION	0.289	0.235					True
5yxu	B	A	NA	NA	abTCR	0	I	peptide	lys-leu-val-ala-leu-gly-ile-asn-ala-val	NA	MH1	C	D	31.712	TRBV25	TRAV38	NA	NA	IMMUNE SYSTEM	12/07/17	an affinity enhanced T cell receptor in complex with HLA-A0201 restricted HCV NS3 peptide KLVALGINAV	homo sapiens	homo sapiens			hepatitis c virus	homo sapiens	homo sapiens	Yi, L.	2.7	X-RAY DIFFRACTION	0.289	0.235					True
5men	E	D	NA	NA	abTCR	0	C	peptide	ile-leu-ala-lys-phe-leu-his-trp-leu	NA	MH1	A	B	40.823	TRBV6	TRAV22	NA	NA	IMMUNE SYSTEM	11/16/16	Human Leukocyte Antigen A02 presenting ILAKFLHWL, in complex with cognate T-Cell Receptor	homo sapiens	homo sapiens			homo sapiens	homo sapiens	homo sapiens	Rizkallah, P.J., Lloyd, A., Crowther, M., Cole, D.K., Sewell, A.K.	2.81	X-RAY DIFFRACTION	0.272	0.189					True
3pwp	E	D	NA	NA	abTCR	0	C	peptide	hud peptide	NA	MH1	A	B	36.633	TRBV6	TRAV12	NA	NA	PROTEIN BINDING	12/08/10	The complex between TCR A6 and human Class I MHC HLA-A2 with the bound HuD peptide	homo sapiens	homo sapiens				homo sapiens	homo sapiens	Borbulevych, O.Y., Baker, B.M.	2.69	X-RAY DIFFRACTION	0.259	0.198					True
2j8u	M	L	NA	NA	abTCR	0	J	peptide	self-peptide p1049	NA	MH1	H	I	66.039	TRBV13	TRAV12	NA	NA	IMMUNE SYSTEM	10/27/06	Large CDR3a loop alteration as a function of MHC mutation.	mus musculus	mus musculus			homo sapiens	homo sapiens	homo sapiens	Miller, P.J., Benhar, Y.P., Biddison, W., Collins, E.J.	2.88	X-RAY DIFFRACTION	0.293	0.268	34.0e-6	SPR	NA	17825839	True
2j8u	F	E	NA	NA	abTCR	0	C	peptide	self-peptide p1049	NA	MH1	A	B	68.877	TRBV13	TRAV12	NA	NA	IMMUNE SYSTEM	10/27/06	Large CDR3a loop alteration as a function of MHC mutation.	mus musculus	mus musculus			homo sapiens	homo sapiens	homo sapiens	Miller, P.J., Benhar, Y.P., Biddison, W., Collins, E.J.	2.88	X-RAY DIFFRACTION	0.293	0.268	34.0e-6	SPR	NA	17825839	True
6am5	E	D	NA	NA	abTCR	0	C	peptide	ser-met-leu-gly-ile-gly-ile-val-pro-val	NA	MH1	A	B	33.258	TRBV6	TRAV12	NA	NA	IMMUNE SYSTEM	08/09/17	Crystal structure of DMF5 TCR bound to HLA-A2 presenting synthetic peptide SMLGIGIVPV	homo sapiens	homo sapiens			synthetic construct	homo sapiens	homo sapiens	Riley, T.P., Baker, B.M.	2.394	X-RAY DIFFRACTION	0.244	0.201					True
6mtm	E	D	NA	NA	abTCR	0	C	peptide	np338 influenza peptide	NA	MH1	A	B	50.170	TRBV19	TRAV30	NA	NA	IMMUNE SYSTEM	10/19/18	Crystal Structure of EM2 TCR in complex with HLA-B*37:01-NP338	homo sapiens	homo sapiens			unidentified influenza virus	homo sapiens	homo sapiens	Gras, S.	3.0	X-RAY DIFFRACTION	0.301	0.218					True
3hg1	E	D	NA	NA	abTCR	0	C	peptide	cancer/mart-1	NA	MH1	A	B	48.397	TRBV30	TRAV12	NA	NA	IMMUNE SYSTEM	05/13/09	Germline-governed recognition of a cancer epitope by an immunodominant human T cell receptor	homo sapiens	homo sapiens			homo sapiens	homo sapiens	homo sapiens	Cole, D.K., Yuan, F., Rizkallah, P.J., Miles, J.J., Gostick, E., Price, D.A., Gao, G.F., Jakobsen, B.K., Sewell, A.K.	3.0	X-RAY DIFFRACTION	0.304	0.225					False
5c08	E	D	NA	NA	abTCR	0	C	peptide	marker peptide	NA	MH1	A	B	44.155	TRBV12	TRAV12	NA	NA	IMMUNE SYSTEM	06/12/15	1E6 TCR in Complex with HLA-A0e carrying RQWGPDPAAV	homo sapiens	homo sapiens			homo sapiens	homo sapiens	homo sapiens	Rizkallah, P.J., Bulek, A.M., Cole, D.K., Sewell, A.K.	2.332	X-RAY DIFFRACTION	0.272	0.206					True
5c08	J	I	NA	NA	abTCR	0	H	peptide	marker peptide	NA	MH1	F	G	45.257	TRBV12	TRAV12	NA	NA	IMMUNE SYSTEM	06/12/15	1E6 TCR in Complex with HLA-A0e carrying RQWGPDPAAV	homo sapiens	homo sapiens			homo sapiens	homo sapiens	homo sapiens	Rizkallah, P.J., Bulek, A.M., Cole, D.K., Sewell, A.K.	2.332	X-RAY DIFFRACTION	0.272	0.206					True
5brz	E	D	NA	NA	abTCR	0	C	peptide	glu-val-asp-pro-ile-gly-his-leu-tyr	NA	MH1	A	B	57.904	TRBV5	TRAV21	NA	NA	IMMUNE SYSTEM	06/01/15	MAGE-A3 reactive TCR in complex with MAGE-A3 in HLA-A1	homo sapiens	homo sapiens			homo sapiens	homo sapiens	homo sapiens	Raman, M.C.C., Rizkallah, P.J., Simmons, R., Donnellan, Z., Dukes, J., Bossi, G., LeProvost, G., Mahon, T., Hickman, E., LomaX, M., Oates, J., Hassan, N., Vuidepot, A., Sami, M., Cole, D.K., Jakobsen, B.K.	2.62	X-RAY DIFFRACTION	0.268	0.193					True
5c07	E	D	NA	NA	abTCR	0	C	peptide	marker peptide	NA	MH1	A	B	43.735	TRBV12	TRAV12	NA	NA	IMMUNE SYSTEM	06/12/15	1E6 TCR in complex with HLA-A02 carrying YQFGPDFPIA	homo sapiens	homo sapiens			homo sapiens	homo sapiens	homo sapiens	Rizkallah, P.J., Bulek, A.M., Cole, D.K., Sewell, A.K.	2.11	X-RAY DIFFRACTION	0.237	0.191					True
5c07	J	I	NA	NA	abTCR	0	H	peptide	marker peptide	NA	MH1	F	G	43.963	TRBV12	TRAV12	NA	NA	IMMUNE SYSTEM	06/12/15	1E6 TCR in complex with HLA-A02 carrying YQFGPDFPIA	homo sapiens	homo sapiens			homo sapiens	homo sapiens	homo sapiens	Rizkallah, P.J., Bulek, A.M., Cole, D.K., Sewell, A.K.	2.11	X-RAY DIFFRACTION	0.237	0.191					True
2esv	E	D	NA	NA	abTCR	0	P	peptide	vmaprtlil peptide from cmv gpul40	NA	MH1	A	B	39.357	TRBV14	TRAV26	NA	NA	IMMUNE SYSTEM	10/27/05	Structure of the HLA-E-VMAPRTLIL/KK50.4 TCR complex	homo sapiens	homo sapiens				homo sapiens	homo sapiens	Hoare, H.L., Rossjohn, J.	2.6	X-RAY DIFFRACTION	0.292	0.214					True
1qrn	E	D	NA	NA	abTCR	0	C	peptide	tax peptide p6a	NA	MH1	A	B	33.739	TRBV6	TRAV12	NA	NA	IMMUNE SYSTEM	06/14/99	CRYSTAL STRUCTURE OF HUMAN A6 TCR COMPLEXED WITH HLA-A2 BOUND TO ALTERED HTLV-1 TAX PEPTIDE P6A	homo sapiens	homo sapiens				homo sapiens	homo sapiens	Ding, Y.H., Baker, B.M., Garboczi, D.N., Biddison, W.E., Wiley, D.C.	2.8	X-RAY DIFFRACTION	0.273	0.216					True
5nmf	E	D	NA	NA	abTCR	0	C	peptide	gag protein	NA	MH1	A	B	51.143	TRBV5	TRAV12	NA	NA	IMMUNE SYSTEM	04/05/17	868 TCR in complex with HLA A02 presenting SLYNTIATL	homo sapiens	homo sapiens			human immunodeficiency virus 1	homo sapiens	homo sapiens	Rizkallah, P.J., Cole, D.K., Fuller, A., Sewell, A.K.	2.89	X-RAY DIFFRACTION	0.255	0.193					True
5nmf	J	I	NA	NA	abTCR	0	H	peptide	gag protein	NA	MH1	F	G	53.074	TRBV5	TRAV12	NA	NA	IMMUNE SYSTEM	04/05/17	868 TCR in complex with HLA A02 presenting SLYNTIATL	homo sapiens	homo sapiens			human immunodeficiency virus 1	homo sapiens	homo sapiens	Rizkallah, P.J., Cole, D.K., Fuller, A., Sewell, A.K.	2.89	X-RAY DIFFRACTION	0.255	0.193					True
5nmg	E	D	NA	NA	abTCR	0	C	peptide	gag protein	NA	MH1	A	B	52.463	TRBV5	TRAV12	NA	NA	IMMUNE SYSTEM	04/05/17	868 TCR in complex with HLA A02 presenting SLYFNTIAVL	homo sapiens	homo sapiens			human immunodeficiency virus 1	homo sapiens	homo sapiens	Rizkallah, P.J., Cole, D.K., Fuller, A., Sewell, A.K.	2.75	X-RAY DIFFRACTION	0.254	0.196					True
5nmg	J	I	NA	NA	abTCR	0	H	peptide	gag protein	NA	MH1	F	G	55.019	TRBV5	TRAV12	NA	NA	IMMUNE SYSTEM	04/05/17	868 TCR in complex with HLA A02 presenting SLYFNTIAVL	homo sapiens	homo sapiens			human immunodeficiency virus 1	homo sapiens	homo sapiens	Rizkallah, P.J., Cole, D.K., Fuller, A., Sewell, A.K.	2.75	X-RAY DIFFRACTION	0.254	0.196					True
5nme	J	I	NA	NA	abTCR	0	H	peptide	gag protein	NA	MH1	F	G	52.367	TRBV5	TRAV12	NA	NA	IMMUNE SYSTEM	04/05/17	868 TCR in complex with HLA A02 presenting SLYNTVATL	homo sapiens	homo sapiens			human immunodeficiency virus 1	homo sapiens	homo sapiens	Rizkallah, P.J., Cole, D.K., Fuller, A., Sewell, A.K.	2.94	X-RAY DIFFRACTION	0.263	0.196					True
5nme	E	D	NA	NA	abTCR	0	C	peptide	gag protein	NA	MH1	A	B	52.384	TRBV5	TRAV12	NA	NA	IMMUNE SYSTEM	04/05/17	868 TCR in complex with HLA A02 presenting SLYNTVATL	homo sapiens	homo sapiens			human immunodeficiency virus 1	homo sapiens	homo sapiens	Rizkallah, P.J., Cole, D.K., Fuller, A., Sewell, A.K.	2.94	X-RAY DIFFRACTION	0.263	0.196					True
6amu	E	D	NA	NA	abTCR	0	C	peptide	met-met-trp-asp-arg-gly-leu-gly-met-met	NA	MH1	A	B	36.974	TRBV6	TRAV12	NA	NA	IMMUNE SYSTEM	08/11/17	Crystal structure of DMF5 TCR bound to HLA-A2 presenting synthetic peptide MMWDRGLGMM	homo sapiens	homo sapiens			synthetic construct	homo sapiens	homo sapiens	Riley, T.P., Baker, B.M.	2.151	X-RAY DIFFRACTION	0.226	0.180					True
5c0a	E	D	NA	NA	abTCR	0	C	peptide	marker peptide	NA	MH1	A	B	45.944	TRBV12	TRAV12	NA	NA	IMMUNE SYSTEM	06/12/15	1E6 TCR in complex with HLA-A02 carrying MVW peptide	homo sapiens	homo sapiens			homo sapiens	homo sapiens	homo sapiens	Rizkallah, P.J., Bulek, A.M., Cole, D.K., Sewell, A.K.	2.46	X-RAY DIFFRACTION	0.232	0.193					True
5c0a	J	I	NA	NA	abTCR	0	H	peptide	marker peptide	NA	MH1	F	G	43.870	TRBV12	TRAV12	NA	NA	IMMUNE SYSTEM	06/12/15	1E6 TCR in complex with HLA-A02 carrying MVW peptide	homo sapiens	homo sapiens			homo sapiens	homo sapiens	homo sapiens	Rizkallah, P.J., Bulek, A.M., Cole, D.K., Sewell, A.K.	2.46	X-RAY DIFFRACTION	0.232	0.193					True
5c0b	J	I	NA	NA	abTCR	0	H	peptide	marker peptide	NA	MH1	F	G	43.895	TRBV12	TRAV12	NA	NA	IMMUNE SYSTEM	06/12/15	1E6 TCR in complex with HLA-A02 carrying RQFGPDFPTI	homo sapiens	homo sapiens			homo sapiens	homo sapiens	homo sapiens	Rizkallah, P.J., Bulek, A.M., Cole, D.K., Sewell, A.K.	2.03	X-RAY DIFFRACTION	0.231	0.192					True
5c0b	E	D	NA	NA	abTCR	0	C	peptide	marker peptide	NA	MH1	A	B	45.151	TRBV12	TRAV12	NA	NA	IMMUNE SYSTEM	06/12/15	1E6 TCR in complex with HLA-A02 carrying RQFGPDFPTI	homo sapiens	homo sapiens			homo sapiens	homo sapiens	homo sapiens	Rizkallah, P.J., Bulek, A.M., Cole, D.K., Sewell, A.K.	2.03	X-RAY DIFFRACTION	0.231	0.192					True
5c0c	E	D	NA	NA	abTCR	0	H	peptide	marker peptide	NA	MH1	F	G	43.754	TRBV12	TRAV12	NA	NA	IMMUNE SYSTEM	06/12/15	1E6 TCR in complex with HLA-A02 carrying RQFGPDWIVA	homo sapiens	homo sapiens			homo sapiens	homo sapiens	homo sapiens	Rizkallah, P.J., Bulek, A.M., Cole, D.K., Sewell, A.K.	1.974	X-RAY DIFFRACTION	0.227	0.189					True
5c0c	J	I	NA	NA	abTCR	0	C	peptide	marker peptide	NA	MH1	A	B	43.810	TRBV12	TRAV12	NA	NA	IMMUNE SYSTEM	06/12/15	1E6 TCR in complex with HLA-A02 carrying RQFGPDWIVA	homo sapiens	homo sapiens			homo sapiens	homo sapiens	homo sapiens	Rizkallah, P.J., Bulek, A.M., Cole, D.K., Sewell, A.K.	1.974	X-RAY DIFFRACTION	0.227	0.189					True
3gsn	B	A	NA	NA	abTCR	0	P	peptide	hcmv pp65 fragment 495-503 (nlvpmvatv)	NA	MH1	H	L	39.456	TRBV6	TRAV24	NA	NA	IMMUNE SYSTEM	03/27/09	Crystal structure of the public RA14 TCR in complex with the HCMV dominant NLV/HLA-A2 epitope	homo sapiens	homo sapiens				homo sapiens	homo sapiens	Gras, S., Saulquin, X., Reiser, J.-B., Debeaupuis, E., Echasserieau, K., Kissenpfennig, A., Legoux, F., Chouquet, A., Le Gorrec, M., Machillot, P., Neveu, B., Thielens, N., Malissen, B., Bonneville, M., Housset, D.	2.8	X-RAY DIFFRACTION	0.290	0.215					True
4eup	H	G	NA	NA	abTCR	0	F	peptide	melanoma antigen recognized by t-cells 1	NA	MH1	D	E	31.751	TRBV28	TRAV12	NA	NA	IMMUNE SYSTEM	04/25/12	The complex between TCR JKF6 and human Class I MHC HLA-A2 presenting the MART-1(27-35)(A27L) peptide	homo sapiens	homo sapiens			homo sapiens	homo sapiens	homo sapiens	Hossain, M., Baker, B.M.	2.88	X-RAY DIFFRACTION	0.295	0.235					True
4eup	J	I	NA	NA	abTCR	0	C	peptide	melanoma antigen recognized by t-cells 1	NA	MH1	A	B	32.071	TRBV28	TRAV12	NA	NA	IMMUNE SYSTEM	04/25/12	The complex between TCR JKF6 and human Class I MHC HLA-A2 presenting the MART-1(27-35)(A27L) peptide	homo sapiens	homo sapiens			homo sapiens	homo sapiens	homo sapiens	Hossain, M., Baker, B.M.	2.88	X-RAY DIFFRACTION	0.295	0.235					True
1fo0	B	A	NA	NA	abTCR	0	P	peptide	naturally processed octapeptide pbm1	NA	MH1	H	L	41.362	TRBV1	TRAV16	NA	NA	IMMUNE SYSTEM	08/24/00	MURINE ALLOREACTIVE SCFV TCR-PEPTIDE-MHC CLASS I MOLECULE COMPLEX	mus musculus	mus musculus				mus musculus	mus musculus	Reiser, J.B., Darnault, C., Guimezanes, A., Gregoire, C., Mosser, T., Schmitt-Verhulst, A.-M., Fontecilla-Camps, J.C., Malissen, B., Housset, D., Mazza, G.	2.5	X-RAY DIFFRACTION	0.276	0.225					True
3qfj	E	D	NA	NA	abTCR	0	C	peptide	tax(y5f) peptide	NA	MH1	A	B	35.624	TRBV6	TRAV12	NA	NA	IMMUNE SYSTEM	01/21/11	The complex between TCR A6 and human Class I MHC HLA-A2 with the modified TAX (Y5F) peptide	homo sapiens	homo sapiens				homo sapiens	homo sapiens	Borbulevych, O.Y., Baker, B.M.	2.29	X-RAY DIFFRACTION	0.271	0.218					True
3kpr	E	D	NA	NA	abTCR	0	C	peptide	eeylkawtf, mimotope peptide	NA	MH1	A	B	41.623	TRBV7	TRAV26	NA	NA	IMMUNE SYSTEM	11/16/09	Crystal Structure of the LC13 TCR in complex with HLA B*4405 bound to EEYLKAWTF a mimotope	homo sapiens	homo sapiens				homo sapiens	homo sapiens	Macdonald, W.A., Chen, Z., Gras, S., Archbold, J.K., Tynan, F.E., Clements, C.S., Bharadwaj, M., Kjer-Nielsen, L., Saunders, P.M., Wilce, M.C., Crawford, F., Stadinsky, B., Jackson, D., Brooks, A.G., Purcell, A.W., Kappler, J.W., Burrows, S.R., Rossjohn, J., McCluskey, J.	2.6	X-RAY DIFFRACTION	0.279	0.219	1.54e-6	SPR	25	20064448	True
3kpr	J	I	NA	NA	abTCR	0	H	peptide	eeylkawtf, mimotope peptide	NA	MH1	F	G	45.470	TRBV7	TRAV26	NA	NA	IMMUNE SYSTEM	11/16/09	Crystal Structure of the LC13 TCR in complex with HLA B*4405 bound to EEYLKAWTF a mimotope	homo sapiens	homo sapiens				homo sapiens	homo sapiens	Macdonald, W.A., Chen, Z., Gras, S., Archbold, J.K., Tynan, F.E., Clements, C.S., Bharadwaj, M., Kjer-Nielsen, L., Saunders, P.M., Wilce, M.C., Crawford, F., Stadinsky, B., Jackson, D., Brooks, A.G., Purcell, A.W., Kappler, J.W., Burrows, S.R., Rossjohn, J., McCluskey, J.	2.6	X-RAY DIFFRACTION	0.279	0.219	1.54e-6	SPR	25	20064448	True
3kps	E	D	NA	NA	abTCR	0	C	peptide	eeylqafty, self peptide from the atp bindingcassette protein abcd3 	NA	MH1	A	B	43.177	TRBV7	TRAV26	NA	NA	IMMUNE SYSTEM	11/16/09	Crystal Structure of the LC13 TCR in complex with HLA B*4405 bound to EEYLQAFTY a self peptide from the ABCD3 protein	homo sapiens	homo sapiens				homo sapiens	homo sapiens	Macdonald, W.A., Chen, Z., Gras, S., Archbold, J.K., Tynan, F.E., Clements, C.S., Bharadwaj, M., Kjer-Nielsen, L., Saunders, P.M., Wilce, M.C., Crawford, F., Stadinsky, B., Jackson, D., Brooks, A.G., Purcell, A.W., Kappler, J.W., Burrows, S.R., Rossjohn, J., McCluskey, J.	2.7	X-RAY DIFFRACTION	0.269	0.193	49e-6	SPR	25	20064448	True
2e7l	C	B	NA	NA	abTCR	0	P	peptide	peptide (gln)(leu)(ser)(pro)(phe)(pro)(phe)(asp)(leu)	NA	MH1	F	NA	45.544	TRBV13	TRAV9	NA	NA	IMMUNE SYSTEM	01/11/07	Structure of a high-affinity mutant of the 2C TCR in complex with Ld/QL9	mus musculus	mus musculus				mus musculus		Garcia, K.C., Colf, L.A.	2.5	X-RAY DIFFRACTION	0.246	0.224	0.029e-8	ITC	20	17418792	True
2e7l	D	A	NA	NA	abTCR	0	Q	peptide	peptide (gln)(leu)(ser)(pro)(phe)(pro)(phe)(asp)(leu)	NA	MH1	E	NA	44.905	TRBV13	TRAV9	NA	NA	IMMUNE SYSTEM	01/11/07	Structure of a high-affinity mutant of the 2C TCR in complex with Ld/QL9	mus musculus	mus musculus				mus musculus		Garcia, K.C., Colf, L.A.	2.5	X-RAY DIFFRACTION	0.246	0.224	0.029e-8	ITC	20	17418792	True
2jcc	M	L	NA	NA	abTCR	0	J	peptide	p1049	NA	MH1	H	I	65.045	TRBV13	TRAV12	NA	NA	IMMUNE SYSTEM	12/21/06	AH3 recognition of mutant HLA-A2 W167A	mus musculus	mus musculus			homo sapiens	homo sapiens	homo sapiens	Miller, P., Benhar, Y.P., Biddison, W., Collins, E.J.	2.5	X-RAY DIFFRACTION	0.292	0.242	14.8e-6	SPR	NA	17825839	True
2jcc	F	E	NA	NA	abTCR	0	C	peptide	p1049	NA	MH1	A	B	67.753	TRBV13	TRAV12	NA	NA	IMMUNE SYSTEM	12/21/06	AH3 recognition of mutant HLA-A2 W167A	mus musculus	mus musculus			homo sapiens	homo sapiens	homo sapiens	Miller, P., Benhar, Y.P., Biddison, W., Collins, E.J.	2.5	X-RAY DIFFRACTION	0.292	0.242	14.8e-6	SPR	NA	17825839	True
5wkf	J	I	NA	NA	abTCR	0	H	peptide	gts1 peptide	NA	MH1	F	G	37.633	TRBV11	TRAV30	NA	NA	IMMUNE SYSTEM	07/25/17	D30 TCR in complex with HLA-A*11:01-GTS1	homo sapiens	homo sapiens			dengue virus 1	homo sapiens	homo sapiens	Gras, S., Rossjohn, J.	2.95	X-RAY DIFFRACTION	0.253	0.190					True
5wkf	E	D	NA	NA	abTCR	0	C	peptide	gts1 peptide	NA	MH1	A	B	39.587	TRBV11	TRAV30	NA	NA	IMMUNE SYSTEM	07/25/17	D30 TCR in complex with HLA-A*11:01-GTS1	homo sapiens	homo sapiens			dengue virus 1	homo sapiens	homo sapiens	Gras, S., Rossjohn, J.	2.95	X-RAY DIFFRACTION	0.253	0.190					True
5m02	H	G	NA	NA	abTCR	0	P	peptide	lcmv-derived gp33 altered peptide ligand pf	NA	MH1	A	B	41.995	TRBV13	TRAV14	NA	NA	IMMUNE SYSTEM	10/03/16	Crystal structure of murine P14 TCR / H-2Db with PF, modified gp33 peptide from LCMV	mus musculus	mus musculus			lymphocytic choriomeningitis virus	mus musculus	mus musculus	Achour, A., Sandalova, T., Sun, R.	1.75	X-RAY DIFFRACTION	0.214	0.188					True
5m00	H	G	NA	NA	abTCR	0	P	peptide	lcmv-derived gp33 altered peptide ligand y4a	NA	MH1	A	B	42.559	TRBV13	TRAV14	NA	NA	IMMUNE SYSTEM	10/03/16	Crystal structure of murine P14 TCR complex with H-2Db and Y4A, modified gp33 peptide from LCMV	mus musculus	mus musculus			mus musculus	mus musculus	mus musculus	Achour, A., Sandalova, T., Sun, R., Han, X.	1.95	X-RAY DIFFRACTION	0.237	0.200					True
5m01	H	G	NA	NA	abTCR	0	P	peptide	lcmv-derived gp33 altered peptide ligand pa	NA	MH1	A	B	42.675	TRBV13	TRAV14	NA	NA	IMMUNE SYSTEM	10/03/16	Crystal structure of murine P14 TCR/ H-2Db complex with PA, modified gp33 peptide from LCMV	mus musculus	mus musculus			lymphocytic choriomeningitis virus	mus musculus	mus musculus	Achour, A., Sandalova, T., Sun, R., Han, X.	1.95	X-RAY DIFFRACTION	0.229	0.196					True
4n0c	H	G	NA	NA	abTCR	0	F	peptide	pcpe3	NA	MH1	E	NA	46.685	TRBV13	TRAV9	NA	NA	IMMUNE SYSTEM	10/01/13	42F3 TCR pCPE3/H-2Ld complex	mus musculus, homo sapiens	mus musculus, homo sapiens				mus musculus		Birnbaum, M.E., Adams, J.J., Garcia, K.C.	2.9	X-RAY DIFFRACTION	0.247	0.192					True
4n0c	D	C	NA	NA	abTCR	0	B	peptide	pcpe3	NA	MH1	A	NA	45.432	TRBV13	TRAV9	NA	NA	IMMUNE SYSTEM	10/01/13	42F3 TCR pCPE3/H-2Ld complex	mus musculus, homo sapiens	mus musculus, homo sapiens				mus musculus		Birnbaum, M.E., Adams, J.J., Garcia, K.C.	2.9	X-RAY DIFFRACTION	0.247	0.192					True
5hho	E	D	NA	NA	abTCR	0	C	peptide	m1-g4e, gilefvftl	NA	MH1	A	B	64.330	TRBV19	TRAV27	NA	NA	IMMUNE SYSTEM	01/11/16	Crystal Structure of the JM22 TCR in complex with HLA-A*0201 in complex with M1-G4E	homo sapiens	homo sapiens			synthetic construct	homo sapiens	homo sapiens	Gras, S., Josephs, T.M., Rossjohn, J.	2.95	X-RAY DIFFRACTION	0.279	0.236					True
5hhm	J	I	NA	NA	abTCR	0	H	peptide	m1-f5l, gilglvftl	NA	MH1	F	G	63.903	TRBV19	TRAV27	NA	NA	IMMUNE SYSTEM	01/11/16	Crystal Structure of the JM22 TCR in complex with HLA-A*0201 in complex with M1-F5L	homo sapiens	homo sapiens			synthetic construct	homo sapiens	homo sapiens	Gras, S., Josephs, T.M., Rossjohn, J.	2.5	X-RAY DIFFRACTION	0.289	0.216					True
5hhm	E	D	NA	NA	abTCR	0	C	peptide	m1-f5l, gilglvftl	NA	MH1	A	B	63.896	TRBV19	TRAV27	NA	NA	IMMUNE SYSTEM	01/11/16	Crystal Structure of the JM22 TCR in complex with HLA-A*0201 in complex with M1-F5L	homo sapiens	homo sapiens			synthetic construct	homo sapiens	homo sapiens	Gras, S., Josephs, T.M., Rossjohn, J.	2.5	X-RAY DIFFRACTION	0.289	0.216					True
5sws	E	D	NA	NA	abTCR	0	C	peptide	influenza np366 epitope	NA	MH1	A	B	52.062	TRBV17	TRAV14	NA	NA	IMMUNE SYSTEM	08/08/16	Crystal Structure of NP2-B17 TCR-H2Db-NP complex	mus musculus	mus musculus			unidentified influenza virus	mus musculus	mus musculus	Gras, S., Del Campo, C.M., Farenc, C., Josephs, T.M., Rossjohn, J.	2.86	X-RAY DIFFRACTION	0.274	0.231					True
2ol3	B	A	NA	NA	abTCR	0	P	peptide	naturally processed octapeptide pbm8	NA	MH1	H	L	42.309	TRBV1	TRAV16	NA	NA	IMMUNE SYSTEM	01/18/07	crystal structure of BM3.3 ScFV TCR in complex with PBM8-H-2KBM8 MHC class I molecule	mus musculus	mus musculus				mus musculus	mus musculus	Mazza, C., Auphan-Anezin, N., Gregoire, C., Guimezanes, A., Kellenberger, C., Roussel, A., Kearney, A., Van der Merwe, P.A., Schmitt-Verhulst, A.M., Malissen, B.	2.9	X-RAY DIFFRACTION	0.284	0.224					True
2pye	E	D	NA	NA	abTCR	0	C	peptide	cancer/testis antigen 1b	NA	MH1	A	B	65.755	TRBV6	TRAV21	NA	NA	IMMUNE SYSTEM	05/16/07	Crystal Structures of High Affinity Human T-Cell Receptors Bound to pMHC RevealNative Diagonal Binding Geometry TCR Clone C5C1 Complexed with MHC	homo sapiens	homo sapiens				homo sapiens	homo sapiens	Sami, M., Rizkallah, P.J., Dunn, S., Li, Y., Moysey, R., Vuidepot, A., Baston, E., Todorov, P., Molloy, P., Gao, F., Boulter, J.M., Jakobsen, B.K.	2.3	X-RAY DIFFRACTION	0.283	0.192	81.6e-9	SPR	25	17544531	True
4jrx	E	D	NA	NA	abTCR	0	C	peptide	trans-activator protein bzlf1	NA	MH1	A	B	67.964	TRBV6	TRAV19	NA	NA	IMMUNE SYSTEM	03/22/13	Crystal Structure of CA5 TCR-HLA B*3505-LPEP complex	homo sapiens	homo sapiens			human herpesvirus 4	homo sapiens	homo sapiens	Liu, Y.C., Rossjohn, J., Gras, S.	2.3	X-RAY DIFFRACTION	0.257	0.205	3.75e-6	SPR	25	23569211	True
4jry	E	D	NA	NA	abTCR	0	C	peptide	trans-activator protein bzlf1	NA	MH1	A	B	63.754	TRBV5	TRAV39	NA	NA	IMMUNE SYSTEM	03/22/13	Crystal Structure of SB47 TCR-HLA B*3505-LPEP complex	homo sapiens	homo sapiens			human herpesvirus 4	homo sapiens	homo sapiens	Liu, Y.C., Rossjohn, J., Gras, S.	2.8	X-RAY DIFFRACTION	0.233	0.200	25e-6	SPR	25	23569211	True
3tf7	K	k	NA	NA	abTCR	0	NA	NA	NA	NA	NA	NA	NA	nan	TRBV13	TRAV9	NA	NA	IMMUNE SYSTEM	08/15/11	42F3 QL9/H2-Ld complex	mus musculus							Adams, J.J., Kranz, D.M., Garcia, K.C.	2.75	X-RAY DIFFRACTION	0.261	0.237	399e-6	SPR	25	22101157	True
3tf7	C	c	NA	NA	abTCR	0	B	peptide	ql9 peptide (qlspfpfdl)	NA	MH1	A	NA	50.508	TRBV13	TRAV9	NA	NA	IMMUNE SYSTEM	08/15/11	42F3 QL9/H2-Ld complex	mus musculus				mus musculus	mus musculus		Adams, J.J., Kranz, D.M., Garcia, K.C.	2.75	X-RAY DIFFRACTION	0.261	0.237	399e-6	SPR	25	22101157	True
3tf7	I	i	NA	NA	abTCR	0	NA	NA	NA	NA	NA	NA	NA	nan	TRBV13	TRAV9	NA	NA	IMMUNE SYSTEM	08/15/11	42F3 QL9/H2-Ld complex	mus musculus							Adams, J.J., Kranz, D.M., Garcia, K.C.	2.75	X-RAY DIFFRACTION	0.261	0.237	399e-6	SPR	25	22101157	True
3tf7	G	g	NA	NA	abTCR	0	F	peptide	ql9 peptide (qlspfpfdl)	NA	MH1	E	NA	51.219	TRBV13	TRAV9	NA	NA	IMMUNE SYSTEM	08/15/11	42F3 QL9/H2-Ld complex	mus musculus				mus musculus	mus musculus		Adams, J.J., Kranz, D.M., Garcia, K.C.	2.75	X-RAY DIFFRACTION	0.261	0.237	399e-6	SPR	25	22101157	True
1ao7	E	D	NA	NA	abTCR	0	C	peptide	tax peptide	NA	MH1	A	B	34.827	TRBV6	TRAV12	NA	NA	COMPLEX (MHC/VIRAL PEPTIDE/RECEPTOR)	07/21/97	COMPLEX BETWEEN HUMAN T-CELL RECEPTOR, VIRAL PEPTIDE (TAX), AND HLA-A 0201	homo sapiens	homo sapiens			human t-lymphotropic virus 1	homo sapiens	homo sapiens	Garboczi, D.N., Ghosh, P., Utz, U., Fan, Q.R., Biddison, W.E., Wiley, D.C.	2.6	X-RAY DIFFRACTION	0.320	0.245					True
1qsf	E	D	NA	NA	abTCR	0	C	peptide	tax peptide y8a	NA	MH1	A	B	35.353	TRBV6	TRAV12	NA	NA	IMMUNE SYSTEM	06/21/99	STRUCTURE OF A6-TCR BOUND TO HLA-A2 COMPLEXED WITH ALTERED HTLV-1 TAX PEPTIDE Y8A	homo sapiens	homo sapiens				homo sapiens	homo sapiens	Ding, Y.H., Baker, B.M., Garboczi, D.N., Biddison, W.E., Wiley, D.C.	2.8	X-RAY DIFFRACTION	0.286	0.245					True
1qse	E	D	NA	NA	abTCR	0	C	peptide	tax peptide v7r	NA	MH1	A	B	36.974	TRBV6	TRAV12	NA	NA	IMMUNE SYSTEM	06/21/99	STRUCTURE OF HUMAN A6-TCR BOUND TO HLA-A2 COMPLEXED WITH ALTERED HTLV-1 TAX PEPTIDE V7R	homo sapiens	homo sapiens				homo sapiens	homo sapiens	Ding, Y.H., Baker, B.M., Garboczi, D.N., Biddison, W.E., Wiley, D.C.	2.8	X-RAY DIFFRACTION	0.290	0.243					True
6dkp	E	D	NA	NA	abTCR	0	C	peptide	melanoma antigen recognized by t-cells 1	NA	MH1	A	B	31.997	TRBV6	TRAV12	NA	NA	IMMUNE SYSTEM	05/30/18	The complex among DMF5(alpha-D26Y, alpha-Y50A,beta-L98W) TCR, human Class I MHC HLA-A2 and MART-1(26-35)(A27L) peptide	homo sapiens	homo sapiens			homo sapiens	homo sapiens	homo sapiens	Hellman, L.M., Singh, N.K.	2.966	X-RAY DIFFRACTION	0.286	0.229					True
1kj2	E	D	NA	NA	abTCR	0	Q	peptide	naturally processed octapeptide pkb1	NA	MH1	I	M	30.449	TRBV1	TRAV14	NA	NA	IMMUNE SYSTEM	12/04/01	Murine Alloreactive ScFv TCR-Peptide-MHC Class I Molecule Complex	mus musculus	mus musculus				mus musculus	mus musculus	Reiser, J.-B., Gregoire, C., Darnault, C., Mosser, T., Guimezanes, A., Schmitt-Verhulst, A.-M., Fontecilla-Camps, J.C., Mazza, G., Malissen, B., Housset, D.	2.71	X-RAY DIFFRACTION	0.278	0.220					True
1kj2	B	A	NA	NA	abTCR	0	P	peptide	naturally processed octapeptide pkb1	NA	MH1	H	L	31.004	TRBV1	TRAV14	NA	NA	IMMUNE SYSTEM	12/04/01	Murine Alloreactive ScFv TCR-Peptide-MHC Class I Molecule Complex	mus musculus	mus musculus				mus musculus	mus musculus	Reiser, J.-B., Gregoire, C., Darnault, C., Mosser, T., Guimezanes, A., Schmitt-Verhulst, A.-M., Fontecilla-Camps, J.C., Mazza, G., Malissen, B., Housset, D.	2.71	X-RAY DIFFRACTION	0.278	0.220					True
3h9s	E	D	NA	NA	abTCR	0	C	peptide	tel1p peptide	NA	MH1	A	B	36.494	TRBV6	TRAV12	NA	NA	IMMUNE SYSTEM	04/30/09	The complex between TCR A6 and human Class I MHC HLA-A2 with the bound Tel1p peptide	homo sapiens	homo sapiens				homo sapiens	homo sapiens	Borbulevych, O.Y., Baker, B.M.	2.7	X-RAY DIFFRACTION	0.289	0.217					True
3tfk	D	C	NA	NA	abTCR	0	B	peptide	p4b10 peptide	NA	MH1	A	NA	45.572	TRBV13	TRAV9	NA	NA	IMMUNE SYSTEM	08/15/11	42F3-p4B10/H2-Ld	mus musculus, homo sapiens	mus musculus, homo sapiens				mus musculus		Adams, J.J., Kranz, D.M., Garcia, K.C.	2.753	X-RAY DIFFRACTION	0.291	0.247	9.7e-6	SPR	25	22101157	True
3w0w	E	D	NA	NA	abTCR	0	C	peptide	10-mer peptide from protein nef	NA	MH1	A	B	nan	TRBV27	TRAV12	NA	NA	IMMUNE SYSTEM	11/05/12	The complex between T36-5 TCR and HLA-A24 bound to HIV-1 Nef134-10(2F) peptide in space group P212121	homo sapiens	homo sapiens			human immunodeficiency virus 1	homo sapiens	homo sapiens	Shimizu, A., Fukai, S., Yamagata, A., Iwamoto, A.	2.603	X-RAY DIFFRACTION	0.250	0.186					True
4qrp	L	K	NA	NA	abTCR	0	NA	NA	NA	NA	NA	NA	NA	nan	TRBV11	TRAV9	NA	NA	IMMUNE SYSTEM	07/02/14	Crystal Structure of HLA B*0801 in complex with HSKKKCDEL and DD31 TCR	homo sapiens	homo sapiens						Gras, S., Berry, R., Lucet, I.S., Rossjohn, J.	2.9	X-RAY DIFFRACTION	0.248	0.207	2.48e-6	SPR	25	25355921	True
4qrp	I	J	NA	NA	abTCR	0	H	peptide	ns3-4a protein	NA	MH1	F	G	50.258	TRBV11	TRAV9	NA	NA	IMMUNE SYSTEM	07/02/14	Crystal Structure of HLA B*0801 in complex with HSKKKCDEL and DD31 TCR	homo sapiens	homo sapiens			hepatitis c virus	homo sapiens	homo sapiens	Gras, S., Berry, R., Lucet, I.S., Rossjohn, J.	2.9	X-RAY DIFFRACTION	0.248	0.207	2.48e-6	SPR	25	25355921	True
4qrp	E	D	NA	NA	abTCR	0	C	peptide	ns3-4a protein	NA	MH1	A	B	49.048	TRBV11	TRAV9	NA	NA	IMMUNE SYSTEM	07/02/14	Crystal Structure of HLA B*0801 in complex with HSKKKCDEL and DD31 TCR	homo sapiens	homo sapiens			hepatitis c virus	homo sapiens	homo sapiens	Gras, S., Berry, R., Lucet, I.S., Rossjohn, J.	2.9	X-RAY DIFFRACTION	0.248	0.207	2.48e-6	SPR	25	25355921	True
4g9f	E	D	NA	NA	abTCR	0	C	peptide	gag protein	NA	MH1	A	B	41.591	TRBV6	TRAV14	NA	NA	IMMUNE SYSTEM	07/23/12	Crystal Structure of C12C TCR-HLAB2705-KK10-L6M	homo sapiens	homo sapiens			human immunodeficiency virus 1	homo sapiens	homo sapiens	Gras, S., Wilmann, P.G., Rossjohn, J.	1.9	X-RAY DIFFRACTION	0.238	0.187	1.1e-6	SPR	25	23521884	True
